word,type
reich,Other
das Flugzeug,Noun
die Gefahr,Noun
absolut,Other
bekannt,Other
tief,Other
regeln,Verb
die Bank,Noun
der Professor,Noun
der Partner,Noun
das Opfer,Noun
der See,Noun
die See,Noun
das Meer,Noun
erreichen,Verb
die Hochzeit,Noun
der Geburtstag,Noun
der Hut,Noun
die Liste,Noun
die Karte,Noun
die Gesellschaft,Noun
lügen,Verb
die Kirche,Noun
traurig,Other
die Kontrolle,Noun
das Zeichen,Noun
das Foto,Noun
seltsam,Other
sauber,Other
das Aussehen,Noun
aussehen,Verb
die Hoffnung,Noun
der Ball,Noun
der Wein,Noun
die Szene,Noun
das Vergnügen,Noun
irgendwann,Other
stechen,Verb
neun,Other
drehen,Verb
die Tante,Noun
werfen,Verb
der Fuß,Noun
gegenüber,Other
ungefähr,Other
übrigens,Other
der Mut,Noun
sauer,Other
das Geheimnis,Noun
entfernt,Other
statt,Other
das Bein,Noun
furchtbar,Other
schuldig,Other
die Gruppe,Noun
der Amerikaner,Noun
der Hals,Noun
nämlich,Other
der Besuch,Noun
wohnen,Verb
lieb,Other
persönlich,Other
die Entscheidung,Noun
interessant,Other
passen,Verb
der Wind,Noun
der Polizist,Noun
die Sekunde,Noun
beweisen,Verb
verraten,Verb
lagern,Verb
kaputt,Other
das Dorf,Noun
das Glas,Noun
nervös,Other
zuhause,Other
die Firma,Noun
die Lust,Noun
der Blick,Noun
süß,Other
öffnen,Verb
gehören,Verb
nachts,Other
der Meter,Noun
wunderschön,Other
antworten,Verb
das Loch,Noun
besuchen,Verb
entlang,Other
die Freude,Noun
geliebt,Other
die Insel,Noun
das Fleisch,Noun
der Schmerz,Noun
die Zeitung,Noun
erkennen,Verb
das Gebäude,Noun
das Messer,Noun
der Kontakt,Noun
schreien,Verb
der Rat,Noun
die Aufmerksamkeit,Noun
heiß,Other
pro,Other
die Lage,Noun
das Schicksal,Noun
der Punkt,Noun
ansehen,Verb
der Witz,Noun
diesmal,Other
ewig,Other
der Unfall,Noun
der Hunger,Noun
die Kamera,Noun
das Taxi,Noun
der Tee,Noun
das Haar,Noun
teilen,Other
der Bus,Noun
der Richter,Noun
mitnehmen,Verb
das Lied,Noun
drinnen,Other
der Computer,Noun
verstecken,Verb
das Verstecken,Noun
die Königin,Noun
der Bericht,Noun
miteinander,Other
zufrieden,Other
wütend,Other
der Fisch,Noun
vorwärts,Other
die Vergangenheit,Noun
überleben,Verb
der Agent,Noun
die Position,Noun
die Küche,Noun
der Ring,Noun
die Gegend,Noun
nah,Other
die Verbindung,Noun
das Kleid,Noun
die Ecke,Noun
das Radio,Noun
das Eis,Noun
witzig,Other
kurzlebig,Other
~ zufolge,Other
der Flug,Noun
halb,Other
England,Other
bauen,Verb
entscheiden,Verb
erledigen,Verb
zerstören,Verb
die Maschine,Noun
beschäftigt,Other
der Sommer,Noun
der Respekt,Noun
schließlich,Other
die Adresse,Noun
die Fahrt,Noun
beginnen,Verb
die Aufgabe,Noun
hängen,Verb
feiern,Verb
weinen,Verb
betrunken,Other
die Beziehung,Noun
der Wald,Noun
soweit,Other
stimmen,Verb
der Park,Noun
danken,Verb
schwierig,Other
die Hälfte,Noun
besorgt,Other
der Koffer,Noun
die Pistole,Noun
die Brücke,Noun
der Knast,Noun
gesund,Other
der Quatsch,Noun
wünschen,Verb
der Unterschied,Noun
leiden,Verb
leisten,Verb
das Tor,Noun
der Glückwunsch,Noun
der Soldat,Noun
der Baum,Noun
davor,Other
verdienen,Verb
das System,Noun
der Club,Noun
das Lächeln,Noun
lächeln,Verb
das Abendessen,Noun
die Flasche,Noun
schützen,Verb
leer,Other
schließen,Verb
rauchen,Verb
das Rauchen,Noun
der Vogel,Noun
verantwortlich,Other
das Dach,Noun
der Lehrer,Noun
steigen,Verb
stiften,Verb
die Katze,Noun
das Tier,Noun
rennen,Verb
das Gehirn,Noun
das Theater,Noun
der Erfolg,Noun
der Fluss,Noun
blöd,Other
die City,Noun
küssen,Verb
vermutlich,Other
kosten,Verb
der Haufen,Noun
die Wand,Noun
brechen,Verb
der Grad,Noun
übernehmen,Verb
zuvor,Other
die Natur,Noun
englisch,Other
Englisch,Other
der Angriff,Noun
die Möglichkeit,Noun
lächerlich,Other
die Farbe,Noun
fassen,Verb
reisen,Verb
die Spur,Noun
das Frühstück,Noun
offensichtlich,Other
mitkommen,Verb
die Runde,Noun
das Wochenende,Noun
zufällig,Other
der Untertitel,Noun
tragbar,Other
fern,Other
geschlossen,Other
der Mond,Noun
unternehmen,Verb
die Hose,Noun
der Rock,Noun
der Rock,Noun
das Pfund,Noun
warm,Other
die Braut,Noun
versprechen,Verb
die Reihe,Noun
fantastisch,Other
die Sprache,Noun
irgendwelche,Other
das Gespräch,Noun
der Flughafen,Noun
der Wunsch,Noun
morgens,Other
aufpassen,Verb
mitten,Other
stören,Verb
der Stein,Noun
die Pause,Noun
der Nachmittag,Noun
der Auftrag,Noun
der Regen,Noun
einverstanden,Other
gemeinsam,Other
dorthin,Verb
bedeuten,Verb
schwarz,Other
die Lüge,Noun
die Post,Noun
der Schaden,Noun
der Tanz,Noun
der Urlaub,Noun
dick,Other
die Gelegenheit,Noun
die Folge,Noun
herausfinden,Verb
die Verantwortung,Noun
das Thema,Noun
leise,Other
der Keller,Noun
versagen,Verb
die Erfahrung,Noun
dauern,Verb
das Schloss,Noun
das Angebot,Noun
umsonst,Other
der Anzug,Noun
beenden,Verb
der Strand,Noun
das Grab,Noun
das Restaurant,Noun
rot,Other
der Schatten,Noun
der Gang,Noun
das Lager,Noun
aufstehen,Verb
der Sieg,Noun
nerven,Verb
die Kugel,Noun
die Milch,Noun
schwanger,Other
die Gewalt,Noun
Frankreich,Other
die Schönheit,Noun
zweimal,Other
die Pflicht,Noun
die Kunst,Noun
der Kuss,Noun
schwimmen,Verb
das Knie,Noun
der Priester,Noun
die Form,Noun
beruhigen,Verb
blind,Other
der Kurs,Noun
der Großvater,Noun
entkommen,Verb
der Fahrer,Noun
die Million,Noun
das Risiko,Noun
der Test,Noun
ähnlich,Other
mindestens,Other
die Grenze,Noun
die Bühne,Noun
der Anhänger,Noun
bedauern,Verb
das Interesse,Noun
das Kino,Noun
die Einheit,Noun
der Sonntag,Noun
erforderlich,Other
schulden,Verb
der Stern,Noun
dunkel,Other
scheinen,Verb
der Blödsinn,Noun
der Freitag,Noun
der Zufall,Noun
hinterlassen,Verb
fair,Other
locker,Other
nachdenken,Verb
satt,Other
hoffen,Verb
die Energie,Noun
die Oma,Noun
die Großmutter,Noun
der Dieb,Noun
der Beweis,Noun
verbringen,Verb
der Garten,Noun
der Mantel,Noun
das Brot,Noun
die Lösung,Noun
das Wetter,Noun
schätzen,Verb
der Champagner,Noun
das Publikum,Noun
dringend,Other
der Bulle,Noun
der Stuhl,Noun
ebenso,Other
der Schutz,Noun
weshalb,Other
die Karriere,Noun
kochen,Verb
der Norden,Noun
nachher,Other
anhalten,Verb
abends,Other
der Hintergrund,Noun
der Schüler,Noun
die Krankheit,Noun
Europa,Other
der Süden,Noun
hassen,Verb
beinahe,Other
klug,Other
die Abteilung,Noun
träumen,Verb
die Vorstellung,Noun
schick,Other
der Samstag,Noun
der Gast,Noun
die Mitte,Noun
das Tausend,Noun
das Ohr,Noun
der Berg,Noun
die Rose,Noun
die Erinnerung,Noun
normalerweise,Other
aufgeben,Verb
der Ton,Noun
das Gebiet,Noun
der Westen,Noun
der Zweifel,Noun
der Staat,Noun
stehlen,Verb
einander,Other
merken,Verb
der Direktor,Noun
der Kuchen,Noun
wundervoll,Other
die Kohle,Noun
springen,Verb
teuer,Other
die Medizin,Noun
das Video,Noun
scharf,Other
der Beruf,Noun
das Hemd,Noun
abholen,Verb
trotz,Other
langweilig,Other
die Rechnung,Noun
der Termin,Noun
erlauben,Verb
wetten,Verb
der Spiegel,Noun
enden,Verb
die Menschheit,Noun
nieder,Other
selbstverständlich,Other
der Sturm,Noun
lösen,Verb
der Motor,Noun
reiten,Verb
funktionieren,Verb
überprüfen,Verb
unterschreiben,Verb
schwach,Other
der Winter,Noun
entlassen,Verb
handeln,Verb
die Brust,Noun
die Größe,Noun
die Zigarette,Noun
zählen,Verb
das Handy,Noun
seitdem,Other
das College,Noun
die Toilette,Noun
neulich,Other
hauen,Verb
widmen,Verb
die Tatsache,Noun
freundlich,Other
der Selbstmord,Noun
annehmen,Verb
besprechen,Verb
die Zunge,Noun
die Treppe,Noun
der Streit,Noun
der Bauch,Noun
eifersüchtig,Other
die Decke,Noun
drücken,Verb
der Deutsche,Noun
erste,Other
außerhalb,Other
der Montag,Noun
peinlich,Other
schlau,Other
blau,Other
wild,Other
frisch,Other
der Inspektor,Noun
mehrere,Other
aufmachen,Verb
die Eisenbahn,Noun
das Papier,Noun
zurückkommen,Verb
landen,Verb
vergeben,Other
verhaften,Verb
das Talent,Noun
der Geschmack,Noun
das Labor,Noun
zwölf,Other
ausgehen,Verb
der Griff,Noun
das Ei,Noun
wählen,Verb
der Osten,Noun
der Alkohol,Noun
die Erklärung,Noun
der Bürgermeister,Noun
reinkommen,Verb
verändern,Verb
behandeln,Verb
kontrollieren,Verb
Kalifornien,Other
gebrauchen,Verb
der Schnee,Noun
verfolgen,Verb
die Zahl,Noun
jederzeit,Other
das Pech,Noun
die Botschaft,Noun
der Stoff,Noun
die Mitternacht,Noun
enthalten,Verb
Mexiko,Other
auseinander,Other
das Verfahren,Noun
die Sendung,Noun
packen,Verb
die Heimat,Noun
hingehen,Verb
verwirrt,Other
die Linie,Noun
französisch,Other
der Scheck,Noun
fressen,Verb
ausgezeichnet,Other
die Jacke,Noun
hungrig,Other
die Kleidung,Noun
aufgeregt,Other
getrennt,Other
die Absicht,Noun
die Aussage,Noun
das Feld,Noun
schief,Other
die Mühe,Noun
interessieren,Verb
selten,Other
grün,Other
das Prozent,Noun
die Kuh,Noun
der Spieler,Noun
gebraucht,Other
der Fernseher,Noun
die Erlaubnis,Noun
die Bedeutung,Noun
irgendein,Other
die Hütte,Noun
enttäuscht,Other
die Brille,Noun
stoppen,Verb
der Eindruck,Noun
anziehen,Verb
die Not,Noun
der Stil,Noun
das Schlafzimmer,Noun
fein,Other
das Gras,Noun
fehlen,Verb
der Strom,Noun
merkwürdig,Other
der Titel,Noun
spazieren gehen,Verb
dicht,Other
die Geburt,Noun
geheim,Other
das Universum,Noun
die Politik,Noun
der Müll,Noun
riskieren,Verb
anfassen,Verb
der Staub,Noun
der Narr,Noun
der Vorschlag,Noun
das Klo,Noun
das Werk,Noun
raten,Verb
der Hof,Noun
der Opa,Noun
der Künstler,Noun
begleiten,Verb
der Kaiser,Noun
verpassen,Verb
der Kauf,Noun
beobachten,Verb
das Projekt,Noun
weiterhin,Other
trennen,Verb
probieren,Verb
spitze,Other
die Spitze,Noun
das Benzin,Noun
Deutschland,Other
zuhören,Verb
der Bürger,Noun
der Dummkopf,Noun
gemein,Other
das Holz,Noun
der Dienstag,Noun
gucken,Verb
der Mittag,Noun
die Fabrik,Noun
die Leiter,Noun
der Leiter,Noun
die Leiter,Noun
die Schlange,Noun
der Zucker,Noun
dienen,Verb
zuletzt,Other
heutzutage,Other
dahinter,Other
der Wissenschaftler,Noun
genießen,Verb
fliehen,Verb
festhalten,Verb
streng,Other
das Fett,Noun
starten,Verb
erleben,Verb
klopfen,Verb
die Regel,Noun
das Gegenteil,Noun
waschen,Verb
reparieren,Verb
praktisch,Other
der Artikel,Noun
wechseln,Verb
überzeugen,Verb
wachsen,Verb
der Kilometer,Noun
die Freundschaft,Noun
China,Other
vernünftig,Other
einst,Other
inzwischen,Other
achten,Verb
täglich,Other
der Reifen,Noun
bewusst,Other
spüren,Verb
die Aufnahme,Noun
der Feigling,Noun
Mars,Other
riechen,Verb
umgehen,Verb
der Markt,Noun
angenehm,Other
rechtzeitig,Other
die Wirklichkeit,Noun
die Ware,Noun
der Sitz,Noun
neugierig,Other
verletzen,Verb
die Gesundheit,Noun
akzeptieren,Verb
negativ,Other
die Eile,Noun
beantworten,Verb
die Sicht,Noun
daneben,Other
die Unterstützung,Noun
die Ratte,Noun
gegenseitig,Other
das Gedächtnis,Noun
der Auftritt,Noun
der Sand,Noun
anstatt,Other
die Stellung,Noun
fürchten,Verb
geraten,Verb
deutlich,Other
brav,Other
aufwachen,Verb
die Theorie,Noun
möglicherweise,Other
der Arbeiter,Noun
zurückkehren,Verb
rosa,Other
der Lärm,Noun
das Mittagessen,Noun
der Hubschrauber,Noun
die Realität,Noun
innen,Other
die Verabredung,Noun
clever,Other
die Stimmung,Noun
die Tasse,Noun
der Zweck,Noun
eng,Other
das Urteil,Noun
zwingen,Verb
der Manager,Noun
per,Other
die Stärke,Noun
geil,Other
der Donnerstag,Noun
der Anteil,Noun
die Unterhaltung,Noun
zulassen,Verb
bestehen,Verb
das Gepäck,Noun
sicherlich,Other
der Bahnhof,Noun
das Kreuz,Noun
umdrehen,Verb
gründen,Verb
der Text,Noun
taub,Other
berichten,Verb
beseitigen,Verb
das Mitglied,Noun
derjenige,Other
angeblich,Other
schneiden,Verb
hundert,Other
der Schrank,Noun
berühmt,Other
die Leitung,Noun
irren,Verb
meistens,Other
der Start,Noun
die Ursache,Noun
äußerst,Other
die Figur,Noun
der Rauch,Noun
die Schulter,Noun
der Krebs,Noun
bequem,Other
ausziehen,Verb
die Einladung,Noun
das Gerät,Noun
schenken,Verb
die Information,Noun
die Wut,Noun
die Farm,Noun
bestellen,Verb
das Jahrhundert,Noun
der Virus,Noun
der Humor,Noun
das Geräusch,Noun
kompliziert,Other
das Japan,Noun
wiederholen,Verb
die Suppe,Noun
konzentrieren,Verb
mittel,Other
die Schokolade,Noun
die Miete,Noun
die Pizza,Noun
entfernen,Verb
der Gegner,Noun
behaupten,Verb
die Basis,Noun
der Stahl,Noun
das Viertel,Noun
real,Other
erscheinen,Verb
sparen,Verb
die Einstellung,Noun
hässlich,Other
der Verdacht,Noun
elf,Other
die Krone,Noun
albern,Other
die Kindheit,Noun
der Hügel,Noun
unglücklich,Other
weitergehen,Verb
der Fan,Noun
das Museum,Noun
prüfen,Verb
die Nation,Noun
anschauen,Verb
das Einkaufen,Noun
weich,Other
einkaufen,Verb
der Ausweis,Noun
betreten,Verb
der Käse,Noun
rauskommen,Verb
offiziell,Other
Spanisch,Other
spanisch,Other
der Kreis,Noun
überfallen,Verb
die Mauer,Noun
sich verabschieden,Verb
die Puppe,Noun
die Universität,Noun
der September,Noun
das Schild,Noun
lecker,Other
steuern,Verb
das Klavier,Noun
die Belohnung,Noun
der Weihnachtsmann,Noun
warnen,Verb
die Küste,Noun
eindeutig,Other
aussteigen,Verb
die Warnung,Noun
anbieten,Verb
der Patient,Noun
wenden,Verb
die Dusche,Noun
gewohnt,Other
nass,Other
senden,Verb
bestätigen,Verb
der Zugang,Noun
der Schreibtisch,Noun
die Hitze,Noun
der Kühlschrank,Noun
der Hammer,Noun
das Fieber,Noun
der Koch,Noun
das Material,Noun
der Juli,Noun
die Behandlung,Noun
der April,Noun
Juli,Other
die Neigung,Noun
ungemein,Other
der Unterricht,Noun
der Verlust,Noun
der Regisseur,Noun
der Stress,Noun
färben,Verb
das Konto,Noun
zugeben,Verb
das Modell,Noun
der Charakter,Noun
jener,Other
die Religion,Noun
die Witwe,Noun
der Stiefel,Noun
der Sport,Noun
hinsetzen,Verb
der Apparat,Noun
weggehen,Verb
rund,Other
die Versicherung,Noun
unterstützen,Verb
die Ankunft,Noun
bewaffnen,Verb
der Schock,Noun
der Hafen,Noun
das Konzert,Noun
besitzen,Verb
die Störung,Noun
das Gewicht,Noun
der Widerstand,Noun
Russland,Other
august,Other
der August,Noun
das Paradies,Noun
der Turm,Noun
leiten,Verb
der Trainer,Noun
pünktlich,Other
die Entfernung,Noun
grausam,Other
die Werbung,Noun
der Empfang,Noun
die Führung,Noun
schieben,Verb
der Kunde,Noun
die Wäsche,Noun
der Führerschein,Noun
blasen,Verb
das Rad,Noun
die Truppe,Noun
studieren,Verb
einzig,Other
schmutzig,Other
der Pfarrer,Noun
die Quelle,Noun
wecken,Verb
der Esel,Noun
telefonieren,Verb
brennen,Verb
die Kopfschmerzen,Noun
Spanien,Other
abnehmen,Verb
verwenden,Verb
sammeln,Verb
der Roman,Noun
die Technik,Noun
üben,Verb
ersparen,Verb
die Befürchtung,Noun
bereuen,Verb
das Netz,Noun
das Zentrum,Noun
das Huhn,Noun
das Ergebnis,Noun
die Blume,Noun
die Uni,Noun
die Atmosphäre,Noun
beschreiben,Verb
das Abenteuer,Noun
decken,Verb
der Abschied,Noun
der Minister,Noun
sozusagen,Other
die Gemeinde,Noun
der Einfluss,Noun
der Verdienst,Noun
der Satz,Noun
das Dutzend,Noun
liefern,Verb
der Zorn,Noun
extrem,Other
der Antrag,Noun
der Bau,Noun
freiwillig,Other
einladen,Verb
die Bibel,Noun
die Phase,Noun
hell,Other
der Wille,Noun
gewöhnlich,Other
Oktober,Other
die Kutsche,Noun
stürzen,Verb
der Hai,Noun
reißen,Verb
das Tagebuch,Noun
die Sekretärin,Noun
derselbe,Other
außen,Other
klappen,Verb
duschen,Verb
der Mitarbeiter,Noun
die Laune,Noun
reingehen,Verb
abgeben,Verb
der Verkehr,Noun
das Badezimmer,Noun
deutsch,Other
Deutsch,Other
das Steuer,Noun
der Kanal,Noun
die Steuer,Noun
der Ausdruck,Noun
der Bart,Noun
doppelt,Other
die Beteiligung,Noun
der Schmuck,Noun
heulen,Verb
begrüßen,Verb
herrlich,Other
umziehen,Verb
der Appetit,Noun
bilden,Verb
der Begriff,Noun
großzügig,Other
der Autor,Noun
die Transparenz,Noun
der Mittwoch,Noun
die Maus,Noun
der Jäger,Noun
die Aussicht,Noun
vermeiden,Verb
Italien,Other
verschwenden,Verb
einsteigen,Verb
darunter,Other
mächtig,Other
das Fahrrad,Noun
erheben,Verb
höchstens,Other
leeren,Verb
der Jude,Noun
trocken,Other
der Gewinn,Noun
der Schuh,Noun
der Teller,Noun
der Frühling,Noun
verbergen,Verb
informieren,Verb
geradeaus,Other
der Hinweis,Noun
die Gitarre,Noun
typisch,Other
kehren,Verb
die Wolle,Noun
die Cola,Noun
die Platte,Noun
die Heirat,Noun
der Zuschauer,Noun
die Gegenwart,Noun
der Juni,Noun
fegen,Verb
der Lohn,Noun
der Bär,Noun
schämen,Verb
das Tal,Noun
das Salz,Noun
der Vorteil,Noun
unhöflich,Other
informiert,Other
der Nebel,Noun
der Psychiater,Noun
der Beginn,Noun
der Affe,Noun
der Toast,Noun
die Scheibe,Noun
die Bibliothek,Noun
schmecken,Verb
die Ehefrau,Noun
der Daumen,Noun
verlobt,Other
begreifen,Verb
das Fahrzeug,Noun
die Ferien,Noun
notwendig,Other
anhören,Verb
das Personal,Noun
der Besucher,Noun
das Motorrad,Noun
der Käfig,Noun
die Generation,Noun
besetzt,Other
romantisch,Other
der Ausgang,Noun
ankommen,Verb
baden,Verb
zwanzig,Other
der Zaun,Noun
die Fantasie,Noun
die Garage,Noun
die Brieftasche,Noun
Indien,Other
sanft,Other
die Unterschrift,Noun
die Anzeige,Noun
der Abschluss,Noun
riesig,Other
der Tropfen,Noun
schüchtern,Other
verderben,Verb
der Aufzug,Noun
tropfen,Verb
überraschen,Verb
der Ozean,Noun
der Durst,Noun
malen,Verb
die Lampe,Noun
das Café,Noun
der Musiker,Noun
fischen,Verb
die Ausbildung,Noun
die Geschwindigkeit,Noun
lehren,Verb
der Saft,Noun
die Aktion,Noun
der Teppich,Noun
die Leine,Noun
die Umgebung,Noun
der Profi,Noun
der Handel,Noun
einfallen,Verb
der Fleck,Noun
die Leistung,Noun
glatt,Other
die Stufe,Noun
billig,Other
die Unterwäsche,Noun
beliebt,Other
sich bedanken,Verb
die Partei,Noun
der Eingang,Noun
diskutieren,Verb
planen,Verb
grob,Other
die Zone,Noun
die Seife,Noun
die Oper,Noun
der Service,Noun
intelligent,Other
ausmachen,Other
fällen,Verb
existieren,Verb
vorhanden,Other
aufmerksam,Other
die Kultur,Noun
die Tradition,Noun
die Mannschaft,Noun
das Bewusstsein,Noun
auftauchen,Verb
die Rettung,Noun
ordentlich,Other
der Alptraum,Noun
allzu,Other
das Objekt,Noun
ausrichten,Verb
die Stirn,Noun
die Technologie,Noun
ansonsten,Other
der Saal,Noun
die Strecke,Noun
widerlich,Other
angeln,Verb
das Gedicht,Noun
die Krise,Noun
das Handtuch,Noun
der Schriftsteller,Noun
das Experiment,Noun
das Zelt,Noun
der Zettel,Noun
das Verständnis,Noun
der Experte,Noun
rechnen,Verb
genial,Other
die Butter,Noun
die Krawatte,Noun
das Interview,Noun
füllen,Verb
mitbringen,Verb
november,Other
der Parkplatz,Noun
das Symbol,Noun
erschrecken,Verb
die Marke,Noun
herzlich,Other
der November,Noun
die Tragödie,Noun
der Vergleich,Noun
betrügen,Verb
beißen,Verb
das Kabel,Noun
die Summe,Noun
höflich,Other
eröffnen,Verb
ausgeben,Verb
lediglich,Other
das Amt,Noun
der Schnaps,Noun
das Blatt,Noun
das Golf,Noun
die Pfeife,Noun
der Zahnarzt,Noun
ersetzen,Verb
das Kostüm,Noun
faul,Other
das Motiv,Noun
Chinesisch,Other
unterbrechen,Verb
löschen,Verb
Dezember,Other
Kanada,Other
die Prüfung,Noun
breit,Other
grüßen,Verb
rausgehen,Verb
das Ereignis,Noun
der Kater,Noun
der Kofferraum,Noun
das Futter,Noun
der Kellner,Noun
die Verhandlung,Noun
dünn,Other
die Telefonnummer,Noun
hinauf,Other
der Reis,Noun
das Brett,Noun
das Internet,Noun
März,Other
beherrschen,Verb
sichern,Verb
der März,Noun
der Rand,Noun
das Märchen,Noun
der Reiter,Noun
klingeln,Verb
die Erwachsene,Noun
der Erwachsene,Noun
die Serie,Noun
der Lautsprecher,Noun
die Kombination,Noun
die Verspätung,Noun
die Temperatur,Noun
menschlich,Other
die Forschung,Noun
der Kollege,Noun
die Wunde,Noun
rückwärts,Other
gemütlich,Other
die Bevölkerung,Noun
die Persönlichkeit,Noun
der Schneider,Noun
bedienen,Verb
die Villa,Noun
entdecken,Verb
solcher,Other
gelangen,Verb
das Jubiläum,Noun
der Stamm,Noun
die Ansicht,Noun
die Tankstelle,Noun
die Klage,Noun
der Akt,Noun
der Zahn,Noun
der Wettbewerb,Noun
der Enkel,Noun
nutzlos,Other
die Couch,Noun
das Sofa,Noun
russisch,Other
das Gehalt,Noun
vertreten,Verb
die Mutti,Noun
die Saison,Noun
das Wohnzimmer,Noun
putzen,Verb
die Republik,Noun
der Eimer,Noun
das Ufer,Noun
anlegen,Verb
der Abstand,Noun
die Jury,Noun
vorhaben,Verb
die Welle,Noun
Kuba,Other
enttäuschen,Verb
ärgern,Verb
die Flur,Noun
der Flur,Noun
die Ausnahme,Noun
überfahren,Verb
der Rasen,Noun
der Lkw,Noun
das Schach,Noun
der Brand,Noun
zurückgehen,Verb
der Bauer,Noun
privat,Other
die Demokratie,Noun
die Therapie,Noun
hinlegen,Verb
das Rezept,Noun
die Produktion,Noun
die Landung,Noun
der Vertreter,Noun
kotzen,Verb
der Nachbar,Noun
vollständig,Other
frech,Other
das Steak,Noun
die Nichte,Noun
rasen,Verb
der Umschlag,Noun
vergangen,Other
das Kaninchen,Noun
die Versammlung,Noun
geschieden,Other
der Pfad,Noun
klagen,Verb
das Ausland,Noun
das Datum,Noun
das Magazin,Noun
das Kompliment,Noun
der Januar,Noun
die Fähigkeit,Noun
dritte,Other
der Spaziergang,Noun
mitteilen,Verb
der Japaner,Noun
der Gürtel,Noun
die Zigarre,Noun
rasch,Other
marschieren,Verb
wegnehmen,Verb
der Salat,Noun
die Krankenschwester,Noun
die Mode,Noun
die Erfindung,Noun
übernachten,Verb
die Möbel,Noun
die Ente,Noun
füttern,Verb
der Weltkrieg,Noun
der Wurm,Noun
die Mütze,Noun
befragen,Verb
bremsen,Verb
der Neffe,Noun
hauptsächlich,Other
das Studium,Noun
das Produkt,Noun
das Eisen,Noun
die Bude,Noun
das Halloween,Noun
die Anlage,Noun
verbessern,Verb
die Kasse,Noun
Australien,Other
der Fußball,Noun
übertragen,Verb
die Bekannte,Noun
zittern,Verb
der Politiker,Noun
die Tüte,Noun
der Schein,Noun
der Liter,Noun
der Friseur,Noun
die Diskussion,Noun
die Anzahl,Noun
das Trinkgeld,Noun
die Fahne,Noun
der Erzähler,Noun
lebendig,Other
die Münze,Noun
das Paket,Noun
zurückbringen,Verb
der Diebstahl,Noun
Wien,Other
einnehmen,Verb
versichert,Other
häufig,Other
der Donner,Noun
der Herbst,Noun
der Betrieb,Noun
der Gegensatz,Noun
grau,Other
andererseits,Other
unterrichten,Verb
die Wirtschaft,Noun
der Anlass,Noun
rasieren,Verb
der Rang,Noun
unbekannt,Other
der Zentimeter,Noun
begegnen,Verb
keineswegs,Other
überreden,Verb
aushalten,Verb
der Bach,Noun
der Vati,Noun
das Kissen,Noun
die Werkstatt,Noun
ausdrücken,Verb
besoffen,Other
die Konferenz,Noun
ohnehin,Other
verlaufen,Verb
der Ausflug,Noun
der Assistent,Noun
meist,Other
meist,Other
das Bargeld,Noun
erobern,Verb
das Gemälde,Noun
der Hahn,Noun
der Sänger,Noun
der Verwandte,Noun
die Rente,Noun
der Stall,Noun
die Verwandte,Noun
die Länge,Noun
das Missverständnis,Noun
die Haltung,Noun
die Medien,Noun
die Frisur,Noun
die Zeugin,Noun
die Eifersucht,Noun
der Honig,Noun
empfinden,Verb
der Irre,Noun
der Detektiv,Noun
harmlos,Other
das Kleingeld,Noun
Polen,Other
hilfreich,Other
empfehlen,Verb
fremd,Other
selbe,Other
das Werkzeug,Noun
zurückziehen,Verb
der Tabak,Noun
die Gestalt,Noun
der Kredit,Noun
umgekehrt,Other
wertvoll,Other
bestrafen,Verb
Schweden,Other
der Rollstuhl,Noun
das Metall,Noun
der Geschäftsmann,Noun
unsicher,Other
verwandt,Other
der Apfel,Noun
der Krach,Noun
die Orange,Noun
die CD,Noun
öffentlich,Other
die Feuerwehr,Noun
verschieben,Verb
orange,Other
überqueren,Verb
das Gramm,Noun
umarmen,Verb
reif,Other
die Schublade,Noun
der Kosmos,Noun
verdanken,Verb
die Kneipe,Noun
das Konzept,Noun
der Bezug,Noun
der Schwager,Noun
fit,Other
das Gemüse,Noun
insgesamt,Other
die Gemeinschaft,Noun
dreckig,Other
der Aufenthalt,Noun
heilig,Other
organisieren,Verb
endgültig,Other
erweisen,Verb
die Praxis,Noun
braun,Other
das Silber,Noun
weltweit,Other
der Topf,Noun
bemerken,Verb
ablehnen,Verb
die Autorität,Noun
Israel,Other
exakt,Other
die Qualität,Noun
die Hinsicht,Noun
der Autounfall,Noun
binden,Verb
vorlesen,Verb
gratis,Other
der Einbrecher,Noun
versorgen,Verb
bedeckt,Other
verteilen,Verb
der Fuchs,Noun
beurteilen,Verb
parken,Verb
der Teenager,Noun
die Konkurrenz,Noun
der Babysitter,Noun
der Maler,Noun
die Dose,Noun
der Fortschritt,Noun
der Lastwagen,Noun
kräftig,Other
der Tango,Noun
angehen,Verb
der Löffel,Noun
starren,Verb
geeignet,Other
die Schicht,Noun
eventuell,Other
die Burg,Noun
der Wohnwagen,Noun
der Buchhalter,Noun
angesichts,Other
gelten,Verb
Februar,Other
der Dampf,Noun
der Euro,Noun
lila,Other
die Garderobe,Noun
der Italiener,Noun
der Schoß,Noun
die Schweiz,Noun
sich beschweren,Verb
verbreiten,Verb
aussuchen,Verb
gelb,Other
plaudern,Verb
stundenlang,Other
die Schere,Noun
einziehen,Verb
beeinflussen,Verb
streichen,Verb
aufstellen,Verb
der Sprecher,Noun
doof,Other
hilflos,Other
steif,Other
die Wende,Noun
italienisch,Other
auflegen,Verb
gratulieren,Verb
hinfahren,Verb
die Auswahl,Noun
der Mangel,Noun
die Branche,Noun
mieten,Verb
die Beschreibung,Noun
brüllen,Verb
schockiert,Other
die Hauptstadt,Noun
der Rekord,Noun
der Verkäufer,Noun
eintreten,Verb
das Detail,Noun
wandern,Verb
übermorgen,Other
somit,Other
ermorden,Verb
die Torte,Noun
die Kreditkarte,Noun
neidisch,Other
die Analyse,Noun
beachten,Verb
der Student,Noun
die Autobahn,Noun
entgehen,Verb
die Masse,Noun
ausführen,Verb
ausschalten,Verb
beeindrucken,Verb
vorschlagen,Verb
die Strategie,Noun
hoffnungslos,Other
die Kommission,Noun
die Zeile,Noun
fotografieren,Verb
die Messe,Noun
frühstücken,Verb
erleichtert,Other
gestattet,Other
braten,Verb
der Vorhang,Noun
der Braten,Noun
der Eintritt,Noun
aussprechen,Verb
der Farmer,Noun
abschließen,Verb
der Adler,Noun
die Niederlage,Noun
der Jazz,Noun
die Ausrede,Noun
ernähren,Verb
kühl,Other
verschieden,Other
ertrinken,Verb
bewundern,Verb
die Fähre,Noun
der Zoll,Noun
Venedig,Other
das Stadion,Noun
spinnen,Verb
das Schaf,Noun
die Alternative,Noun
Griechenland,Other
leuchten,Verb
das Griechenland,Noun
der Löwe,Noun
die Zeitschrift,Noun
der Hamburger,Noun
Schottland,Other
ober,Other
der Anschlag,Noun
feucht,Other
der Ober,Noun
zeichnen,Other
das Tuch,Noun
abhängig,Other
segeln,Verb
der Becher,Noun
arbeitslos,Other
beruflich,Other
verursachen,Verb
der Abschnitt,Noun
die Zahlung,Noun
das Blei,Noun
der Lippenstift,Noun
die Landschaft,Noun
der Hausmeister,Noun
messen,Verb
der Haken,Noun
kreischen,Verb
der Bewohner,Noun
das Hobby,Noun
die Venus,Noun
der Busch,Noun
die Handtasche,Noun
der Tänzer,Noun
der Ingenieur,Noun
regelmäßig,Other
der Händler,Noun
die Union,Noun
gewaltig,Other
der Kamin,Noun
das Taschentuch,Noun
die Kapelle,Noun
die Note,Noun
die Feder,Noun
die Kerze,Noun
das Zeitalter,Noun
präsentieren,Verb
sinken,Verb
der Ausländer,Noun
die Wolke,Noun
bezaubernd,Other
einschlafen,Verb
Korea,Other
die Armut,Noun
flach,Other
vorbereiten,Verb
der Seemann,Noun
bescheiden,Other
produzieren,Verb
unabhängig,Other
das Lebensmittel,Noun
blond,Other
der Klub,Noun
die Sängerin,Noun
der Chor,Noun
aufräumen,Verb
die Komödie,Noun
gelegentlich,Other
die Einrichtung,Noun
der Balkon,Noun
der Abfall,Noun
die Ausgabe,Noun
hupen,Verb
gemäß,Other
entsprechend,Other
der Einwohner,Noun
ängstlich,Other
elegant,Other
herrschen,Verb
die Fahrkarte,Noun
das Kinn,Noun
teilnehmen,Verb
drohen,Verb
die Freizeit,Noun
anschließen,Verb
dreißig,Other
das Gewitter,Noun
lauten,Verb
wertlos,Other
die Handschrift,Noun
die Pflanze,Noun
der Nachtisch,Noun
der Luxus,Noun
zögern,Verb
fünfzig,Other
das Orchester,Noun
gekleidet,Other
das Fach,Noun
fließen,Verb
das Dokument,Noun
der Treffpunkt,Noun
seither,Other
der Bräutigam,Noun
das Picknick,Noun
die Klimaanlage,Noun
die Börse,Noun
schwitzen,Verb
servieren,Verb
sorgfältig,Other
das Kennzeichen,Noun
der Russe,Noun
der Fotograf,Noun
das Lamm,Noun
gebildet,Other
das Plastik,Noun
die Umwelt,Noun
der Effekt,Noun
der Wechsel,Noun
die Schrift,Noun
die Zinsen,Noun
die Soße,Noun
die Pension,Noun
der Beamte,Noun
der Kasten,Noun
das Geschlecht,Noun
versichern,Verb
der Passagier,Noun
das Feuerwerk,Noun
die Kurve,Noun
der Journalist,Noun
sentimental,Other
das Bedürfnis,Noun
hierfür,Other
anstrengend,Other
kauen,Verb
die Kaiserin,Noun
drucken,Verb
der Bekannte,Noun
nachmittags,Other
die Apotheke,Noun
die Geige,Noun
die Bildung,Noun
München,Other
der Produzent,Noun
golden,Other
die Lehre,Noun
der Kamm,Noun
vergleichen,Verb
lahm,Other
angemessen,Other
international,Other
der Hörer,Noun
die Verletzung,Noun
der Verband,Noun
die Kommunikation,Noun
die Chemie,Noun
männlich,Other
die Abkürzung,Noun
die Bestimmung,Noun
ausprobieren,Verb
der Weltraum,Noun
der Supermarkt,Noun
arrogant,Other
aktivieren,Verb
zumachen,Verb
regnen,Verb
die Pille,Noun
der Nerv,Noun
das Leder,Noun
übersetzen,Verb
die Zusammenarbeit,Noun
online,Other
die Unterkunft,Noun
die Vorschrift,Noun
die Reinigung,Noun
scheitern,Verb
der Vorname,Noun
der Mechaniker,Noun
einschalten,Verb
vorgestern,Other
spannend,Other
fortsetzen,Verb
das Rathaus,Noun
genügen,Verb
die Provinz,Noun
die Badewanne,Noun
die Formel,Noun
das Klima,Noun
die Uhrzeit,Noun
die Literatur,Noun
die Erziehung,Noun
der BH,Noun
das Obst,Noun
der Hase,Noun
national,Other
anzeigen,Verb
behindert,Other
der Notruf,Noun
der Feierabend,Noun
automatisch,Other
die Kritik,Noun
der Senf,Noun
anderthalb,Other
wegwerfen,Verb
erzeugen,Verb
technisch,Other
der Kaviar,Noun
die Rückseite,Noun
die Kreuzung,Noun
stinken,Verb
geistig,Other
der Handschuh,Noun
der Rucksack,Noun
erraten,Verb
stumm,Other
das Drama,Noun
der Umgang,Noun
ursprünglich,Other
die Vase,Noun
der Schal,Noun
die Nachbarin,Noun
die Jeans,Noun
arabisch,Other
vermuten,Verb
der Triumph,Noun
der Terror,Noun
der Schnurrbart,Noun
die Spaghetti,Noun
gruselig,Other
der Kalender,Noun
die Patrouille,Noun
die Quittung,Noun
kapieren,Verb
die Durchsage,Noun
befürchten,Verb
theoretisch,Other
gestalten,Verb
der Strafzettel,Noun
fünfzehn,Other
murmeln,Verb
sichtbar,Other
der Ratschlag,Noun
der Rechtsanwalt,Noun
gefährden,Verb
die Kellnerin,Noun
kindisch,Other
der Inhalt,Noun
mitgehen,Verb
die Gewohnheit,Noun
wesentlich,Other
drängen,Verb
der Käufer,Noun
ideal,Other
kündigen,Verb
der Betrag,Noun
der Terrorismus,Noun
gleichgültig,Other
das Element,Noun
die Milliarde,Noun
beschuldigen,Verb
körperlich,Other
die Seide,Noun
der Bildschirm,Noun
die Notaufnahme,Noun
der Gruß,Noun
die Jahreszeit,Noun
die Mathematik,Noun
die Höflichkeit,Noun
wiederum,Other
die Spezialität,Noun
untergehen,Verb
die Alliierten,Noun
der Anrufbeantworter,Noun
der Mitbewohner,Noun
angeben,Verb
die Wurst,Noun
sofern,Other
das Argument,Noun
winzig,Other
die Umarmung,Noun
niedrig,Other
der Bund,Noun
durstig,Other
anzünden,Verb
das Streichholz,Noun
enorm,Other
der Schweiß,Noun
die Dauer,Noun
die Schüssel,Noun
inklusive,Other
wegfahren,Verb
der Geiger,Noun
das Geschwister,Noun
der Kritiker,Noun
der Haushalt,Noun
die Nachfrage,Noun
der Geiger,Noun
der Terrorist,Noun
die Notiz,Noun
der Gipfel,Noun
das Weltall,Noun
die Packung,Noun
das Drittel,Noun
gütig,Other
der Gastgeber,Noun
ausleihen,Verb
geduldig,Other
die Unterhose,Noun
die Mittagspause,Noun
der Feuerwehrmann,Noun
verbieten,Verb
der Gärtner,Noun
ermitteln,Verb
die Galerie,Noun
entsprechen,Verb
der Pfennig,Noun
das Tennis,Noun
global,Other
der Damm,Noun
der Abflug,Noun
ansprechen,Verb
der Pullover,Noun
der Comic,Noun
vermieten,Verb
das Armband,Noun
schleppen,Verb
weiblich,Other
die Zahnbürste,Noun
das Phänomen,Noun
das Pflaster,Noun
bellen,Verb
hereinkommen,Verb
das Telefonbuch,Noun
die Reihenfolge,Noun
die Fernbedienung,Noun
die Abfahrt,Noun
durchmachen,Verb
der Sessel,Noun
das Kondom,Noun
das Formular,Noun
das Instrument,Noun
einrichten,Verb
einschlagen,Verb
das Brötchen,Noun
ablegen,Verb
das Exemplar,Noun
das Geschirr,Noun
das Chaos,Noun
abhängen,Verb
die Galaxie,Noun
die Klingel,Noun
die Bluse,Noun
darstellen,Verb
fluchen,Verb
anderswo,Other
der Konflikt,Noun
die Behörde,Noun
pflegen,Verb
der Sekretär,Noun
der Flugplatz,Noun
der Orangensaft,Noun
der Mieter,Noun
tanken,Verb
die Ausstellung,Noun
der Pudding,Noun
Irland,Other
der Frost,Noun
der Klatsch,Noun
günstig,Other
schütteln,Verb
backen,Verb
das Popcorn,Noun
aufsetzen,Verb
Ungarn,Other
die Heizung,Noun
die Taschenlampe,Noun
der Fels,Noun
politisch,Other
die Physik,Noun
der Wecker,Noun
die Biene,Noun
die Diskette,Noun
der Kessel,Noun
das Outfit,Noun
anmachen,Verb
investieren,Verb
der Schilling,Noun
der Anschluss,Noun
deuten,Verb
der Herd,Noun
bankrott,Other
das Regal,Noun
komplex,Other
das Semester,Noun
die Depression,Noun
die Türkei,Noun
das Frühjahr,Noun
einpacken,Verb
Latein,Other
die Haustür,Noun
die Erkältung,Noun
der Briefkasten,Noun
teilweise,Other
vierzig,Other
vergiften,Verb
passend,Other
dreizehn,Other
kopieren,Verb
die Industrie,Noun
der Wohlstand,Noun
die Lupe,Noun
der Ski,Noun
die Region,Noun
der Slip,Noun
reduziert,Other
die Ampel,Noun
die Jugendliche,Noun
der Jugendliche,Noun
beklagen,Verb
vermitteln,Verb
nähen,Verb
die Telefonzelle,Noun
der Klempner,Noun
verhören,Verb
der Kanzler,Noun
der Scanner,Noun
die Stiefmutter,Noun
die Investition,Noun
modern,Other
das Arbeitszimmer,Noun
verstärken,Verb
auslösen,Verb
der Cousin,Noun
flüchten,Verb
fleißig,Other
der Kindergarten,Noun
der Vorwurf,Noun
kritisch,Other
der Erzbischof,Noun
verspätet,Other
blockieren,Verb
der Standort,Noun
ärgerlich,Other
Wiener,Other
das Maß,Noun
die Sonnenbrille,Noun
die Zeichnung,Noun
die Erkenntnis,Noun
tippen,Verb
die Grausamkeit,Noun
die Perspektive,Noun
klatschen,Verb
das Getränk,Noun
die Schwägerin,Noun
die Verwendung,Noun
der Tierarzt,Noun
Brasilien,Other
falten,Verb
die Nuss,Noun
letztlich,Other
jüdisch,Other
der Architekt,Noun
bislang,Other
der Verein,Noun
die Tonne,Noun
das Einkaufszentrum,Noun
das Weihnachtsgeschenk,Noun
der Lumpen,Noun
der Aufsatz,Noun
endlos,Other
herauskommen,Verb
das Mehl,Noun
das Management,Noun
vielmehr,Other
der Kanadier,Noun
die Sowjetunion,Noun
bevorzugen,Verb
beste,Other
die Schildkröte,Noun
zusätzlich,Other
die Debatte,Noun
der Dialog,Noun
die Studie,Noun
der Schreck,Noun
die Bedienung,Noun
die Veranstaltung,Noun
der Forscher,Noun
der Absatz,Noun
der Fußboden,Noun
unerhört,Other
die Verwaltung,Noun
tätig,Other
der Arbeitgeber,Noun
das Kaufhaus,Noun
das Medikament,Noun
ausfüllen,Verb
die Bremse,Noun
gießen,Verb
veröffentlichen,Verb
das Gleis,Noun
kostenlos,Other
unzufrieden,Other
äußern,Verb
die Hypothek,Noun
die Terrasse,Noun
der Vorsitzende,Noun
der Dom,Noun
der Vulkan,Noun
das Niveau,Noun
die Trompete,Noun
der Filmstar,Noun
besetzen,Verb
der Stiefvater,Noun
polnisch,Other
das Einkommen,Noun
das Poster,Noun
versammeln,Verb
wegrennen,Verb
die Enkelin,Noun
die Gabel,Noun
das Wachstum,Noun
griechisch,Other
die Dimension,Noun
schlank,Other
kleben,Verb
die Aktentasche,Noun
fügen,Verb
gelingen,Verb
die Lehne,Noun
das Silvester,Noun
der Designer,Noun
schriftlich,Other
der Heimweg,Noun
der Konzern,Noun
wiegen,Verb
das Wachs,Noun
geladen,Other
der Kopfhörer,Noun
das Haustier,Noun
das Stockwerk,Noun
raffiniert,Other
der Scheinwerfer,Noun
defekt,Other
der Pulli,Noun
der Oberst,Noun
flirten,Verb
die Taktik,Noun
die Existenz,Noun
der Heiligabend,Noun
der Schreiber,Noun
sympathisch,Other
gestresst,Other
anhand,Other
hungern,Verb
die Künstlerin,Noun
äußere,Other
saugen,Verb
hingegen,Other
identisch,Other
Jura,Other
zitieren,Verb
die Hausarbeit,Noun
die Aufführung,Noun
höllisch,Other
berechnen,Verb
die Architektur,Noun
die Mathe,Noun
das Lenkrad,Noun
das Bündel,Noun
das Ostern,Noun
ausschließlich,Other
die Fassade,Noun
die Cousine,Noun
unvorstellbar,Other
die Website,Noun
die Seide,Noun
die Beleuchtung,Noun
der Kronleuchter,Noun
Dänemark,Other
eigen,Other
zurückzahlen,Verb
das Abendbrot,Noun
der Dachboden,Noun
das Seminar,Noun
religiös,Other
der Punk,Noun
mancher,Other
auflösen,Verb
die Eigenschaft,Noun
die Diebin,Noun
austauschen,Verb
erstmals,Other
der Leser,Noun
die Malerei,Noun
der Matrose,Noun
die Mehrheit,Noun
die Hausfrau,Noun
beschämt,Other
kritisieren,Verb
der Lebensunterhalt,Noun
der Kandidat,Noun
zornig,Other
die Darstellung,Noun
die Freundlichkeit,Noun
die Banane,Noun
undankbar,Other
das Nachthemd,Noun
der Elefant,Noun
das Einhorn,Noun
der Feiertag,Noun
die Tablette,Noun
das Parlament,Noun
der Schiedsrichter,Noun
trocknen,Verb
die Auskunft,Noun
belasten,Verb
katholisch,Other
der Arbeitsplatz,Noun
der Ochse,Noun
der Tourist,Noun
erweitert,Other
die Chefin,Noun
die Grundschule,Noun
die Krankenpflege,Noun
der Entwurf,Noun
die Klippe,Noun
das Teleskop,Noun
das Fax,Noun
die Software,Noun
die Polizistin,Noun
auswählen,Verb
der Gummi,Noun
der Sekt,Noun
Belgien,Other
wahren,Verb
korrigieren,Verb
aufwachsen,Verb
Chile,Other
die Postkarte,Noun
betonen,Verb
die Marmelade,Noun
der Karton,Noun
fördern,Verb
der Schwan,Noun
der Teilnehmer,Noun
die Schnecke,Noun
aufgeräumt,Other
die Planung,Noun
flicken,Verb
primitiv,Other
die Jüdin,Noun
der Campus,Noun
unterschiedlich,Other
der Ellbogen,Noun
glänzend,Other
die Schwiegermutter,Noun
auspacken,Verb
der Durchschnitt,Noun
erfassen,Verb
die Vorlesung,Noun
aufessen,Verb
der Bleistift,Noun
die Flöte,Noun
der Nordpol,Noun
der Lebenslauf,Noun
die Kundin,Noun
reservieren,Verb
die Biologie,Noun
die Sensation,Noun
senken,Verb
die Ausfahrt,Noun
weitergeben,Verb
grunzen,Verb
die Lippe,Noun
anschnallen,Verb
züchten,Verb
bedeutungslos,Other
die Alarmanlage,Noun
bedeutend,Other
eineinhalb,Other
das Notizbuch,Noun
die Institution,Noun
der Stau,Noun
der Haarschnitt,Noun
schnarchen,Verb
die Einfahrt,Noun
das Schlagzeug,Noun
der Witwer,Noun
das Theaterstück,Noun
der Metzger,Noun
der Vegetarier,Noun
Pakistan,Other
auffallen,Verb
das Wörterbuch,Noun
abbiegen,Verb
der Regenschirm,Noun
eilen,Verb
Argentinien,Other
anwenden,Verb
das Mineralwasser,Noun
finanziell,Other
die Wiese,Noun
vierzehn,Other
der Geschäftspartner,Noun
sich bessern,Verb
vergrößern,Verb
das Shampoo,Noun
der Pfeffer,Noun
die Waschmaschine,Noun
die Speisekarte,Noun
der Einwanderer,Noun
vorziehen,Verb
aufführen,Verb
der Mülleimer,Noun
beitragen,Verb
ausschließen,Verb
die Lebensversicherung,Noun
die Theke,Noun
optimistisch,Other
die Finanzen,Noun
der Krug,Noun
die Besserung,Noun
der Reißverschluss,Noun
die Panne,Noun
buchen,Verb
spülen,Verb
der Kontinent,Noun
der Schwiegervater,Noun
die Aktivität,Noun
amerikanisch,Other
intensiv,Other
reduzieren,Verb
das Geburtstagsgeschenk,Noun
der Mitbürger,Noun
die Shorts,Noun
die Salami,Noun
die Zahnpasta,Noun
die Belastung,Noun
die Kollegin,Noun
die Reklame,Noun
dröhnen,Verb
die Reparatur,Noun
die Fremdsprache,Noun
die DDR,Noun
das Pfand,Noun
definieren,Verb
der Schneesturm,Noun
die Definition,Noun
ICE,Other
der Schlafanzug,Noun
der Gutschein,Noun
die Serviette,Noun
erleichtern,Verb
die Sauna,Noun
buchstabieren,Verb
das Konsulat,Noun
die Kartoffel,Noun
das Treppenhaus,Noun
die Hochschule,Noun
der Schnabel,Noun
der Toaster,Noun
das Gymnasium,Noun
das Taschengeld,Noun
der Vormittag,Noun
vorbeigehen,Verb
erzielen,Verb
donnern,Verb
ergeben,Verb
die Überwachung,Noun
die Beerdigung,Noun
umkommen,Verb
vereinbaren,Verb
der Ablauf,Noun
heiter,Other
verdächtig,Other
ausüben,Verb
die Quote,Noun
das Porträt,Noun
der Bürgersteig,Noun
das Ehepaar,Noun
Valentinstag,Other
die Waage,Noun
machbar,Other
berücksichtigen,Verb
der Schlips,Noun
der Schaffner,Noun
der Lehrling,Noun
der Alltag,Noun
türkisch,Other
jemanden kleiden,Verb
flüchtig,Other
hineingehen,Verb
der Millimeter,Noun
das Kalb,Noun
das Getue,Noun
qualifiziert,Other
jährlich,Other
pflücken,Verb
der Bäcker,Noun
geschmacklos,Other
das Kamel,Noun
krumm,Other
der Faktor,Noun
schaufeln,Verb
die Säge,Noun
der Drucker,Noun
der Vorgang,Noun
die Landkarte,Noun
der Verlag,Noun
maximal,Other
anerkennen,Verb
die Diktatur,Noun
der Paragraph,Noun
vergnügt,Other
bezahlen,Verb
der Anfang,Noun
der Versuch,Noun
gefährlich,Other
außerdem,Other
legen,Verb
der Präsident,Noun
die Person,Noun
nochmal,Other
perfekt,Other
der Monat,Noun
behalten,Verb
singen,Verb
erfahren,Verb
kreativ,Other
die Ukraine,Noun
rücksichtslos,Other
die Wichtigkeit,Noun
das Abteil,Noun
der Stammbaum,Noun
medizinisch,Other
das Koffein,Noun
durchsetzen,Verb
die Großeltern,Noun
die Disco,Noun
die Baustelle,Noun
der Umfang,Noun
der Zwilling,Noun
die Viertelstunde,Noun
die Wartezeit,Noun
zelten,Verb
die Blockade,Noun
der Ausschnitt,Noun
miserabel,Other
die Bäckerei,Noun
der Staubsauger,Noun
die Pfanne,Noun
der Aufbau,Noun
die Bedrohung,Noun
Peru,Other
anschließend,Other
verbittert,Other
rechtfertigen,Verb
belegen,Verb
erläutern,Verb
ablaufen,Verb
festlegen,Verb
der Nichtsnutz,Noun
die Tätigkeit,Noun
einführen,Verb
die Buchhandlung,Noun
die Umfrage,Noun
entwerfen,Verb
der Lebensstil,Noun
das Hundefutter,Noun
der Elektriker,Noun
der Lachs,Noun
die Skulptur,Noun
einreichen,Verb
abfahren,Verb
joggen,Verb
das Klopapier,Noun
das Postamt,Noun
die Olive,Noun
der Reisende,Noun
das Thermometer,Noun
der Zeitraum,Noun
wahrnehmen,Verb
das Heft,Noun
mittels,Other
die Kommode,Noun
seekrank,Other
gegenwärtig,Other
abwischen,Verb
der Grieche,Noun
die Antike,Noun
ausschlafen,Verb
Portugal,Other
lebhaft,Other
der Abgeordnete,Noun
der Briefträger,Noun
der Komponist,Noun
der Urgroßvater,Noun
der Acker,Noun
mittlere,Other
kaputtmachen,Verb
die Vorlage,Noun
der Umweltschützer,Noun
der Teddybär,Noun
das Klassenzimmer,Noun
der Schnupfen,Noun
das Kraftwerk,Noun
stürmisch,Other
gesetzlich,Other
Finnland,Other
der Rotwein,Noun
die Zensur,Noun
renovieren,Verb
die Zugabe,Noun
der Regenmantel,Noun
heimkommen,Verb
ausrasten,Verb
das Erdgeschoss,Noun
eintragen,Verb
das Esszimmer,Noun
verstümmelt,Other
die Arbeitslosigkeit,Noun
der Bauernhof,Noun
obgleich,Other
spalten,Verb
die Polizeiwache,Noun
der Klumpen,Noun
das Lagerfeuer,Noun
das Zimmermädchen,Noun
die Schminke,Noun
vorlegen,Verb
ungesund,Other
gewähren,Verb
das Gasthaus,Noun
die Tomate,Noun
campen,Verb
gültig,Other
der Krampf,Noun
sinnvoll,Other
bedecken,Verb
die GmbH,Noun
der Weihnachtsbaum,Noun
der Apotheker,Noun
unverantwortlich,Other
das Billard,Noun
ledig,Other
das Campen,Noun
die Gleichheit,Noun
die Ohrfeige,Noun
nachweisen,Verb
das Abitur,Noun
vorgeben,Verb
Kolumbien,Other
das Stichwort,Noun
die Auseinandersetzung,Noun
das Babysitten,Noun
unehrlich,Other
das Toilettenpapier,Noun
verschicken,Verb
schamlos,Other
der Weißwein,Noun
die Rübe,Noun
herzlos,Other
die Einführung,Noun
der Reiseführer,Noun
wegfliegen,Verb
Luxemburg,Other
die Statistik,Noun
die Fläche,Noun
der Holzfäller,Noun
die Festplatte,Noun
elektrisch,Other
beschränken,Verb
tolerieren,Verb
unangenehm,Other
die Schrecken,Noun
der Dirigent,Noun
der Handwerker,Noun
der Sketch,Noun
der Gitarrist,Noun
das Waschbecken,Noun
der Schweinestall,Noun
umsetzen,Verb
die Kanne,Noun
schwedisch,Other
sparsam,Other
heizen,Verb
mysteriös,Other
der Kapitalismus,Noun
die Windschutzscheibe,Noun
die Güter,Noun
rechtlich,Other
die Epoche,Noun
die Mülltonne,Noun
das Waisenkind,Noun
Nordamerika,Other
bunt,Other
die Stereoanlage,Noun
die Turnhalle,Noun
ansetzen,Verb
attraktiv,Other
der Dialekt,Noun
das Klischee,Noun
der Juwelier,Noun
demokratisch,Other
der PC,Noun
der Franken,Noun
schläfrig,Other
die Karotte,Noun
der Abteilungsleiter,Noun
das Lebensjahr,Noun
der Cappuccino,Noun
die Erzählung,Noun
die Währung,Noun
der Buchstabe,Noun
nicken,Verb
schminken,Verb
abwaschen,Verb
der Schauer,Noun
massiv,Other
freilich,Other
wissenschaftlich,Other
klassisch,Other
die Attraktion,Noun
der Geburtsort,Noun
bügeln,Verb
das Hochhaus,Noun
der Schlafsack,Noun
beschließen,Verb
unordentlich,Other
der Most,Noun
die Bushaltestelle,Noun
das Wunderkind,Noun
windig,Other
der Jockey,Noun
die Geldstrafe,Noun
der Senior,Noun
schneien,Verb
umstellen,Verb
die Vorderseite,Noun
anbauen,Verb
uralt,Other
die Fotografie,Noun
formulieren,Verb
die Lilie,Noun
das Vitamin,Noun
das Reisebüro,Noun
der Essig,Noun
anprobieren,Verb
der Moderator,Noun
ermüdend,Other
die Halskette,Noun
Norwegen,Other
nebenan,Other
poetisch,Other
musikalisch,Other
das Neujahr,Noun
der Ohrring,Noun
der Wetterbericht,Noun
die Ausdauer,Noun
der Nachteil,Noun
die Expertin,Noun
die Mithilfe,Noun
brandneu,Other
das Diplom,Noun
das Vorstellungsgespräch,Noun
die Großstadt,Noun
künftig,Other
färben,Verb
einigermaßen,Other
zerfallen,Verb
der Athlet,Noun
zumal,Other
die Synagoge,Noun
der Apfelkuchen,Noun
der Badeanzug,Noun
erwerben,Verb
begeistern,Verb
die Landwirtschaft,Noun
human,Other
die Nutzung,Noun
der Spielraum,Noun
dienstags,Other
das Sonderangebot,Noun
sonnig,Other
der Kassierer,Noun
der Pianist,Noun
die Videokamera,Noun
die Armbanduhr,Noun
mäßig,Other
ausbilden,Verb
revolutionär,Other
der Kleiderschrank,Noun
strikt,Other
der Likör,Noun
mähen,Verb
hinsichtlich,Other
schmal,Other
der Türke,Noun
die Socke,Noun
die Giraffe,Noun
eklig,Other
das Besteck,Noun
der Ladenbesitzer,Noun
kämmen,Verb
die Zwiebel,Noun
der Sonnenbrand,Noun
der Vorort,Noun
die Aussprache,Noun
überholen,Verb
hilfsbereit,Other
konservativ,Other
der Europäer,Noun
umso besser,Other
die Fete,Noun
die Zahnschmerzen,Noun
lebensmüde,Other
fließend,Other
der Bahnsteig,Noun
zusammenpassen,Verb
fromm,Other
realisieren,Verb
die Monarchie,Noun
hinausgehen,Verb
wöchentlich,Other
die Gebühr,Noun
die Russin,Noun
die Alpen,Noun
populär,Other
die Verpackung,Noun
der Rüssel,Noun
bewölkt,Other
entsorgen,Verb
die Nationalität,Noun
signieren,Verb
der Spinat,Noun
biologisch,Other
hartnäckig,Other
saftig,Other
knabbern,Verb
der Pferdeschwanz,Noun
der Rassismus,Noun
der Rockstar,Noun
alarmieren,Verb
der Horrorfilm,Noun
der Quadratmeter,Noun
chemisch,Other
spekulieren,Verb
die Laus,Noun
der Papierkorb,Noun
die Krankenversicherung,Noun
die Schulzeit,Noun
stressig,Other
schmücken,Verb
vormittags,Other
der Umsatz,Noun
die Hymne,Noun
aufschließen,Verb
das Olivenöl,Noun
zunehmend,Other
die Vorspeise,Noun
das Mikroskop,Noun
die Vorwahl,Noun
der Vorsatz,Noun
der Abwasch,Noun
die Mikrowelle,Noun
der Beschäftigte,Noun
grundlegend,Other
digital,Other
der Programmierer,Noun
zu guter Letzt,Other
der Marktplatz,Noun
säen,Verb
taktlos,Other
die Brosche,Noun
exotisch,Other
das Arbeitsamt,Noun
begründen,Verb
die Straßenbahn,Noun
der Brunch,Noun
die Buche,Noun
die Kassiererin,Noun
die Warze,Noun
wirksam,Other
die Aufforderung,Noun
die Fahrerin,Noun
das Sauerkraut,Noun
der Abschleppwagen,Noun
der Wortschatz,Noun
der Gebildete,Noun
die Rückenschmerzen,Noun
orientieren,Verb
die Integration,Noun
der Rhein,Noun
die Lira,Noun
sportlich,Other
beschädigen,Verb
stinkig,Other
der Schulabschluss,Noun
der Fotoapparat,Noun
die Bettwäsche,Noun
der Zimt,Noun
der Spalt,Noun
die Druckerei,Noun
aufgeschlossen,Other
verwundert,Other
der Fleischer,Noun
die BRD,Noun
verpflichten,Verb
salzig,Other
übersät,Other
der Tenor,Noun
der Knopf,Noun
der Automat,Noun
der Wasserhahn,Noun
das Stadtzentrum,Noun
einordnen,Verb
die Spalte,Noun
selbstständig,Other
der Gasthof,Noun
die Untertasse,Noun
duzen,Verb
das Bewerbungsgespräch,Noun
gesellig,Other
das Referat,Noun
die Anmeldung,Noun
die Tastatur,Noun
verbrauchen,Verb
kombinieren,Verb
der Schornstein,Noun
der Strumpf,Noun
die Weltmeisterschaft,Noun
die Erkrankung,Noun
ungewiss,Other
beleuchten,Verb
die Strumpfhose,Noun
basteln,Verb
der Beauftragter,Noun
ziellos,Other
glitzern,Verb
die Sommerferien,Noun
der Kontext,Noun
das Trikot,Noun
herumsitzen,Verb
das Eishockey,Noun
der Zusatz,Noun
der Sicherheitsgurt,Noun
der Käsekuchen,Noun
Köln,Other
die Pfote,Noun
die Allee,Noun
der Holocaust,Noun
das Parkett,Noun
die Sozialhilfe,Noun
kommend,Other
tauschen,Verb
das Müsli,Noun
die Tapete,Noun
die Schwierigkeit,Noun
klebrig,Other
die Seifenoper,Noun
zahlreich,Other
gestreift,Other
die Betreuung,Noun
die Hecke,Noun
die Makkaroni,Noun
der Schlosser,Noun
vorsehen,Verb
leblos,Other
erheblich,Other
fettig,Other
rutschig,Other
lausig,Other
der Terminkalender,Noun
die Friseuse,Noun
einmarschieren,Verb
die Förderung,Noun
erfordern,Verb
militärisch,Other
gurgeln,Verb
das Namensschild,Noun
elektronisch,Other
die Nudel,Noun
der Treibhauseffekt,Noun
die Muttersprache,Noun
bearbeiten,Verb
das Kilogramm,Noun
die Koalition,Noun
überfluten,Verb
vorgehen,Verb
die Annäherung,Noun
bürsten,Verb
tolerant,Other
die Popmusik,Noun
überwiegend,Other
der Schlager,Noun
die Vorschau,Noun
betreuen,Verb
die Bohne,Noun
folgend,Other
das Jahrzehnt,Noun
anordnen,Verb
die Harfe,Noun
die Hauptschule,Noun
befriedigend,Other
künstlerisch,Other
der Hamster,Noun
die Sterblichkeit,Noun
der Stadtteil,Noun
der Pfosten,Noun
die Enzyklopädie,Noun
die Broschüre,Noun
prägen,Verb
Rumänien,Other
gesellschaftlich,Other
die Italienerin,Noun
selbstlos,Other
umsteigen,Verb
der Brokkoli,Noun
haarig,Other
der Torwart,Noun
die Schlaftablette,Noun
monatlich,Other
die Konditorei,Noun
der Schuldschein,Noun
der Bankdirektor,Noun
der Teig,Noun
fade,Other
schütten,Verb
das Einzelkind,Noun
zunehmen,Verb
der Angler,Noun
hinterfragen,Verb
der Schlüsselbund,Noun
die Sünde,Noun
der Nachttisch,Noun
der Krimi,Noun
die Auswirkung,Noun
der Bizeps,Noun
die Metzgerei,Noun
abtrocknen,Verb
die Pflaume,Noun
das Motorboot,Noun
die Arbeiterklasse,Noun
die Altstadt,Noun
die Gebrauchsanweisung,Noun
der Fahrplan,Noun
zusammenhängen,Verb
irisch,Other
der Dokumentarfilm,Noun
der Projektor,Noun
langfristig,Other
brünett,Other
die Startseite,Noun
der Tunnel,Noun
gähnen,Verb
das Merkmal,Noun
der Gulden,Noun
die Drogerie,Noun
knipsen,Verb
protzig,Other
unvergesslich,Other
die Tabelle,Noun
die Weltreise,Noun
der Misserfolg,Noun
die Wiedervereinigung,Noun
die Bundesregierung,Noun
wegräumen,Verb
anschalten,Verb
die Sonnencreme,Noun
der Schaukelstuhl,Noun
rasseln,Verb
herausgeben,Verb
die Kaffeemaschine,Noun
die Kunstgalerie,Noun
traditionell,Other
impfen,Verb
der Rückspiegel,Noun
das Bußgeld,Noun
die Rolltreppe,Noun
das Taschenmesser,Noun
zeitlich,Other
verweisen,Verb
widerwillig,Other
nahelegen,Verb
kennzeichnen,Verb
voraussehen,Verb
zentral,Other
der wolf,Noun
der Backofen,Noun
namenlos,Other
die wüste,Noun
durchfallen,Verb
der Maurer,Noun
orientiert,Other
derartig,Other
krabbeln,Verb
ergänzen,Verb
wachen,Verb
einundzwanzig,Other
die Talkshow,Noun
zusammenfassen,Verb
wegsehen,Verb
beschränkt,Other
die Umleitung,Noun
anstreben,Verb
die Ikone,Noun
friedlich,Other
die Einkaufsliste,Noun
der Entwickler,Noun
der Rundfunk,Noun
der Cheddar,Noun
die Empfangsdame,Noun
die Sardine,Noun
essbar,Other
trampen,Verb
die Konsequenz,Noun
kompatibel,Other
vernichten,Verb
die Rückfahrt,Noun
mütterlich,Other
das Meerschweinchen,Noun
mittelgroß,Other
der Wochentag,Noun
etliche,Other
anspringen,Verb
der Taschenrechner,Noun
violett,Other
die Krippe,Noun
Christlich,Other
mitsingen,Verb
der Hagel,Noun
bedürfen,Verb
weitgehend,Other
argumentieren,Verb
schlürfen,Verb
die Anforderung,Noun
der Ausweg,Noun
beantragen,Verb
britisch,Other
der Ausfall,Noun
die Einbahnstraße,Noun
untersuchen,Verb
der Kiosk,Noun
die Redefreiheit,Noun
ankündigen,Verb
der Dosenöffner,Noun
übermitteln,Verb
die Postleitzahl,Noun
der Luftdruck,Noun
einwerfen,Verb
rostig,Other
der Klebstoff,Noun
der Abfalleimer,Noun
kuschelig,Other
die Grafik,Noun
die Modenschau,Noun
die Verschmutzung,Noun
gründlich,Other
unregelmäßig,Other
unterstreichen,Verb
die Briefmarke,Noun
die Heimfahrt,Noun
der Schlussverkauf,Noun
das Sweatshirt,Noun
die Flugnummer,Noun
die Gleichberechtigung,Noun
auswandern,Verb
inbegriffen,Other
der Idealismus,Noun
der Auszug,Noun
möbliert,Other
aufweisen,Verb
pflügen,Verb
der Harz,Noun
der Stundenplan,Noun
die Ode,Noun
lebenswichtig,Other
das Sozialamt,Noun
die Einnahme,Noun
vorwiegend,Other
die Erfrischungen,Noun
das Reiseziel,Noun
das Synonym,Noun
das Turnen,Noun
der Fußgänger,Noun
beilegen,Verb
die Hausnummer,Noun
herausziehen,Verb
historisch,Other
das Leitungswasser,Noun
die Pappe,Noun
der Sitzplatz,Noun
abhaken,Verb
das Doppelbett,Noun
der Büstenhalter,Noun
das Tischtuch,Noun
eintauchen,Verb
der Untergrund,Noun
das Ferienhaus,Noun
der Waschsalon,Noun
Serbien,Other
verknüpfen,Verb
das Fernsehprogramm,Noun
eisig,Other
der Hausarzt,Noun
komfortabel,Other
der Kognak,Noun
pessimistisch,Other
staatlich,Other
der Fingernagel,Noun
der Aktienmarkt,Noun
die Kaffeekanne,Noun
der eintrag,Noun
aufschauen,Verb
die Sinfonie,Noun
kinderlos,Other
der Import,Noun
die Genetik,Noun
unkontrollierbar,Other
kindlich,Other
der Warteraum,Noun
das Möbelstück,Noun
der Weinberg,Noun
zensiert,Other
der Freundeskreis,Noun
der Teelöffel,Noun
zwangsläufig,Other
die Anwendung,Noun
die Dienstleistung,Noun
stinklangweilig,Other
der Muttertag,Noun
regional,Other
der Niederschlag,Noun
satteln,Verb
der Schwarzwald,Noun
der Einkaufswagen,Noun
jugendlich,Other
das Radfahren,Noun
die Deckung,Noun
suspekt,Other
unbewohnbar,Other
der Vatertag,Noun
nebst,Other
das Kleidungsstück,Noun
einschränken,Verb
integrieren,Verb
der Geldschein,Noun
lauwarm,Other
der Zeh,Noun
der Föhn,Noun
schwül,Other
das Lebensmittelgeschäft,Noun
absehen,Verb
hörbar,Other
der Bundeskanzler,Noun
die Thermosflasche,Noun
die Eisbahn,Noun
der Schwerpunkt,Noun
faulenzen,Verb
der Wohnort,Noun
der Wettlauf,Noun
das Lampenfieber,Noun
der Tennisplatz,Noun
farblos,Other
die Einwanderung,Noun
die Geburtstagskarte,Noun
durchlesen,Verb
überschwemmen,Verb
der Personalausweis,Noun
das Bügeleisen,Noun
spezifisch,Other
dumpf,Other
der Erste Weltkrieg,Noun
verschmutzen,Verb
die Türkin,Noun
kulturell,Other
das Wohnhaus,Noun
tipptopp,Other
nachfüllen,Verb
das Kochbuch,Noun
der Tourismus,Noun
der Herzschlag,Noun
versalzen,Other
europäisch,Other
das Keyboard,Noun
die Nordsee,Noun
langen,Verb
der Liebhaber,Noun
die Pressefreiheit,Noun
der Prospekt,Noun
schleimig,Other
die Raststätte,Noun
Kroatien,Other
bürgerlich,Other
das Barometer,Noun
der Kunststoff,Noun
ausländisch,Other
die Oberschicht,Noun
die Kochin,Noun
das Klavierkonzert,Noun
die Aula,Noun
das Hauptgericht,Noun
Skandinavien,Other
der Wohnblock,Noun
das Scheckheft,Noun
die Kontaktlinse,Noun
herfahren,Verb
die Datenbank,Noun
die Volksmusik,Noun
das Mietshaus,Noun
mütterlicherseits,Other
der Automechaniker,Noun
die Sparkasse,Noun
die Aktiengesellschaft,Noun
das Bücherregal,Noun
die Botanik,Noun
der Gemüsehändler,Noun
die Relativitätstheorie,Noun
die Verhütung,Noun
das Waschpulver,Noun
der Gasherd,Noun
die Ausrüstung,Noun
die Rundfahrt,Noun
die Gaststätte,Noun
die Furche,Noun
holländisch,Other
die Plakatwand,Noun
der Ministerpräsident,Noun
das Skilaufen,Noun
die Pianistin,Noun
die Hausaufgabe,Noun
die Rechtskurve,Noun
der Wegfall,Noun
die Geographie,Noun
galoppieren,Verb
die Komposition,Noun
der Igel,Noun
das Schimpfwort,Noun
die Klarinette,Noun
das Büfett,Noun
preiswert,Other
insofern,Other
lecker,Other
die Akzeptanz,Noun
drogensüchtig,Other
Litauen,Other
der Hauptbahnhof,Noun
extravagant,Other
der Lehrplan,Noun
der Audi,Noun
individuell,Other
das Verkehrsmittel,Noun
die Halsschmerzen,Noun
die Ansichtskarte,Noun
der Zebrastreifen,Noun
der Festtag,Noun
vegetarisch,Other
der Personalchef,Noun
der Briefumschlag,Noun
mündlich,Other
unzureichend,Other
gewaltig,Other
die Logistik,Noun
die Touristenattraktion,Noun
der Moskito,Noun
der Rowdy,Noun
der Ruhm,Noun
der Rasierer,Noun
sooft,Other
das Steuerrad,Noun
ausreichend,Other
schlaflos,Other
der Farbfernseher,Noun
der Mozzarella,Noun
silbern,Other
der Wellensittich,Noun
die Chronik,Noun
die Tulpe,Noun
das Etui,Noun
gottlos,Other
die Diele,Noun
der Fremdenführer,Noun
der Tausendfüßler,Noun
jahraus,Other
die Fassung,Noun
der Kork,Noun
das Anzeichen,Noun
der Walkman,Noun
die Aufheiterung,Noun
die Sitzung,Noun
rosarot,Other
herunterfallen,Verb
das Sparkonto,Noun
uneben,Other
euphorisch,Other
die Staatskasse,Noun
das Taschenbuch,Noun
seidig,Other
der Stadtplan,Noun
würzig,Other
die Richtigkeit,Noun
modisch,Other
der Draht,Noun
die Kinderlähmung,Noun
begrenzen,Verb
die Mehrzahl,Noun
vertreiben,Verb
regeln,Verb
magersüchtig,Other
beständig,Other
das Spülbecken,Noun
der Schopf,Noun
die Musikerin,Noun
das Computerspiel,Noun
die Bildhauerei,Noun
der Griff,Noun
Tschechien,Other
fieberhaft,Other
der Blindenhund,Noun
der Vorfahr,Noun
die Mandarine,Noun
lockig,Other
die Kinderabteilung,Noun
schmatzen,Verb
die Privatschule,Noun
unschuldig,Other
die Zoologie,Noun
der Bahnübergang,Noun
abgeschlossen,Other
der Stand,Noun
lieblos,Other
die Zwischenprüfung,Noun
der Gourmet,Noun
verschwenderisch,Other
ökonomisch,Other
das Fahrgeld,Noun
die Mitgliedschaft,Noun
tödlich,Other
das Telefongespräch,Noun
die Utopie,Noun
der Schuhmacher,Noun
die Niederlande,Noun
mangelhaft,Other
pflegeleicht,Other
aufstoßen,Verb
das Kriterium,Noun
die Slowakei,Noun
der Hausmann,Noun
musizieren,Verb
der Heizkörper,Noun
bewährt,Other
der Notfall,Noun
privatisieren,Verb
auflisten,Verb
abspülen,Verb
die Urgroßmutter,Noun
der Schulbeginn,Noun
der Wintermantel,Noun
die Reifenpanne,Noun
wechselhaft,Other
analog,Other
die Einkaufstasche,Noun
der Bierbauch,Noun
der Tennisschläger,Noun
verlängern,Verb
die Tiefkühltruhe,Noun
das Präzisionsinstrument,Noun
die Mikrobiologie,Noun
der Rotkohl,Noun
das Nomen,Noun
geometrisch,Other
das Privathaus,Noun
ADAC,Other
die Überschrift,Noun
implodieren,Verb
der Pendler,Noun
Schweizerisch,Other
der Kopfsalat,Noun
die Morgentoilette,Noun
hervorragend,Other
eingetragen,Other
die Gardine,Noun
die Karikatur,Noun
das Glatteis,Noun
die Süßigkeit,Noun
knallrot,Other
der Schlafraum,Noun
erweitern,Verb
die Naturwissenschaft,Noun
der Wintergarten,Noun
der Videorecorder,Noun
trinkbar,Other
die Vorfahrt,Noun
die Berufsberatung,Noun
die Tomatensoße,Noun
die Innovation,Noun
die Sciencefiction,Noun
zusammenrufen,Verb
die Dauerwelle,Noun
die Ostsee,Noun
der Kochkurs,Noun
die Berufsschule,Noun
die Beschränkung,Noun
das Menschenrecht,Noun
der Radfahrer,Noun
begießen,Verb
die Banknote,Noun
hineinfahren,Verb
die Anrichte,Noun
einheitlich,Other
das Grundgesetz,Noun
der Blumenhändler,Noun
die Gärtnerin,Noun
der Anbieter,Noun
die Friseurin,Noun
die Nähmaschine,Noun
der Vorstand,Noun
der Brieffreund,Noun
schneeweiß,Other
stabil,Other
der Backstein,Noun
profitieren,Verb
die Einbrecherin,Noun
die Kritikerin,Noun
das Substantiv,Noun
der Reisebegleiter,Noun
räumlich,Other
das Oktoberfest,Noun
der Arbeitnehmer,Noun
kariert,Other
die Sandale,Noun
das Notebook,Noun
der Reisebus,Noun
die Gastronomie,Noun
das Pfingsten,Noun
recyceln,Verb
die Haarbürste,Noun
das Kännchen,Noun
der Grenzübergang,Noun
die Eselsbrücke,Noun
väterlicherseits,Other
Dänisch,Other
vertragen,Verb
australisch,Other
charakterisieren,Verb
der Turnschuh,Noun
der Buchenwald,Noun
der Fußweg,Noun
windstill,Other
die Entwicklung,Noun
verkünden,Verb
die Neuerung,Noun
der Arbeitsraum,Noun
der Zeichentrickfilm,Noun
das Spülmittel,Noun
zusammenbinden,Verb
der Informatiker,Noun
das Stofftier,Noun
das Modegeschäft,Noun
stecken,Verb
die Geschwindigkeitsbegrenzung,Noun
der Luftschutzkeller,Noun
der Auswanderer,Noun
die Eisenbahnlinie,Noun
die Griechin,Noun
das Weinglas,Noun
enterben,Verb
das Mitbringsel,Noun
die Waschküche,Noun
der Auszubildende,Noun
der Tatort,Noun
erklärbar,Other
die Rentenversicherung,Noun
das Präsens,Noun
der Teppichboden,Noun
die Haarsträhne,Noun
die Kuckucksuhr,Noun
die Ferienzeit,Noun
der Ferienjob,Noun
das Tagesmenü,Noun
der Konzertsaal,Noun
der Zweisitzer,Noun
zahnlos,Other
die Erschöpfung,Noun
der Universitätsabschluss,Noun
verhandeln,Verb
exportieren,Verb
der Hörsaal,Noun
prominent,Other
überregional,Other
der Arbeitskollege,Noun
lispeln,Verb
nächst,Other
die Erzählerin,Noun
die Erdkunde,Noun
der Hundehaufen,Noun
das Alltagsleben,Noun
die Sandburg,Noun
Estland,Other
der Schnellimbiss,Noun
nackt,Other
die Maßnahme,Noun
die Spülmaschine,Noun
die Ungleichheit,Noun
gering,Other
der Immigrant,Noun
die Verwandtschaft,Noun
die Weihnachtsferien,Noun
die Jugendherberge,Noun
gesamt,Other
der Kommilitone,Noun
der Döner,Noun
der Schaufensterbummel,Noun
die Tagesschau,Noun
empirisch,Other
die Rechtsanwältin,Noun
intolerant,Other
der Teekessel,Noun
formlos,Other
das Schuhgeschäft,Noun
die Voraussetzung,Noun
Lettland,Other
mollig,Other
der Filzstift,Noun
schwarzfahren,Verb
der Weihnachtsfeiertag,Noun
die Dampflokomotive,Noun
veränderlich,Other
das Pflichtfach,Noun
das Schwarzbrot,Noun
kürzen,Verb
vielfältig,Other
das Regenwetter,Noun
kommunistisch,Other
der Mittelstand,Noun
touristisch,Other
die Komponistin,Noun
der Hockeyschläger,Noun
die Akku,Noun
der Gastarbeiter,Noun
die Bundesrepublik,Noun
die Anklage,Noun
geographisch,Other
das Hundewetter,Noun
das Ornament,Noun
das Einzelbett,Noun
die Ewigkeit,Noun
der Traumberuf,Noun
väterlich,Other
die Semesterferien,Noun
die Leidenschaft,Noun
der Couchtisch,Noun
verhalten,Other
der Kassenzettel,Noun
der Champignon,Noun
heraufziehen,Verb
das Feinkostgeschäft,Noun
glatzköpfig,Other
übertreiben,Verb
zurückbezahlen,Verb
der Personenwagen,Noun
schlüpfrig,Other
wolkig,Other
die Abbildung,Noun
der Emigrant,Noun
die Fabel,Noun
das Schulzeugnis,Noun
zuordnen,Verb
der Mikrowellenherd,Noun
gegebenenfalls,Other
das Privileg,Noun
die Klassenarbeit,Noun
jobben,Verb
hageln,Verb
der Fensterladen,Noun
das Schaubild,Noun
der Klapptisch,Noun
die vorgehensweise,Noun
das Umland,Noun
die Damenabteilung,Noun
die Informatik,Noun
der Puls,Noun
der Kreisverkehr,Noun
regnerisch,Other
konfrontieren,Verb
prächtig,Other
wegschwimmen,Verb
dual,Other
umfassend,Other
entwerten,Verb
das Etagenbett,Noun
die Ohrenschmerzen,Noun
der Rechner,Noun
wolkenlos,Other
das Bruttosozialprodukt,Noun
abbestellen,Verb
die Geldtasche,Noun
die Ingenieurin,Noun
die Buslinie,Noun
österreichisch,Other
Liechtenstein,Other
verwandeln,Verb
das Gerücht,Noun
die Seniorin,Noun
der Staatschef,Noun
proklamieren,Verb
das Junkfood,Noun
undefinierbar,Other
der Azubi,Noun
zusammenwohnen,Verb
überschnappen,Verb
die Platzkarte,Noun
das Sauwetter,Noun
verhalten,Verb
ehemalig,Other
spritzen,Verb
multikulturell,Other
aufrunden,Verb
die Gesamtbevölkerung,Noun
haarlos,Other
die Europäerin,Noun
kanadisch,Other
die Kocherei,Noun
der Erziehungsurlaub,Noun
osteuropäisch,Other
bayerisch,Other
die Beobachtung,Noun
das Bundesministerium,Noun
beeindruckt,Other
der Hauptberuf,Noun
der Hochschulabschluss,Noun
die Partnerstadt,Noun
farbig,Other
herunterladen,Verb
das Farbfoto,Noun
die Hauptsache,Noun
die schlacht,Noun
angesehen,Other
durchaus,Other
die Deutschstunde,Noun
der Sommerschlussverkauf,Noun
die Nachttischlampe,Noun
wässerig,Other
die Wetterkarte,Noun
das Verkehrszeichen,Noun
umfangreich,Other
gebührenfrei,Other
sehenswert,Other
die Zahnklinik,Noun
rauswachsen,Verb
der Elektroherd,Noun
die reichweite,Noun
bedingen,Verb
der Sauerbraten,Noun
der Beistelltisch,Noun
der Bundestag,Noun
der Weinkenner,Noun
der Esslöffel,Noun
die Rückkehr,Noun
voran,Other
der flüchtling,Noun
mitlesen,Verb
die Anfrage,Noun
feige,Other
der Ossi,Noun
der Wessi,Noun
die Blumenhändlerin,Noun
preisgünstig,Other
der Fußgängerüberweg,Noun
die Querflöte,Noun
das Sportprogramm,Noun
die Fleischerei,Noun
hügelig,Other
belgisch,Other
das Kleidergeschäft,Noun
ätzend,Other
die Blockflöte,Noun
sandig,Other
das Delikatessengeschäft,Noun
die Festung,Noun
klassenlos,Other
momentan,Other
buschig,Other
passioniert,Other
das Fotogeschäft,Noun
zukünftig,Other
israelisch,Other
die Bauchschmerzen,Noun
mutterlos,Other
fleischlos,Other
vaterlos,Other
das Spielwarengeschäft,Noun
der Ortsname,Noun
die Dreiergruppe,Noun
die Peseta,Noun
einschmieren,Verb
die Residenz,Noun
emigrieren,Verb
nieseln,Verb
der Winterschlussverkauf,Noun
das Softeis,Noun
die Brauerei,Noun
das Eigentum,Noun
die Glückwunschkarte,Noun
die Herrenabteilung,Noun
interkulturell,Other
schunkeln,Verb
die Sportabteilung,Noun
das Autobahnkreuz,Noun
das Informationszeitalter,Noun
zweisprachig,Other
die Studienrichtung,Noun
rezeptfrei,Other
der Heimtrainer,Noun
der Kulturschock,Noun
unkultiviert,Other
imaginär,Other
das Blumengeschäft,Noun
reifen,Verb
der Goldschmied,Noun
möglichst viel,Other
in Ordnung,Other
der Tennisschuh,Noun
Guten Rutsch!,Other
Sie hat keine Ahnung.,Other
Tschüss!,Other
die Überlegung,Noun
die Wochenzeitung,Noun
sich in jemand verlieben,Verb
die klassische Musik,Noun
aufs Land,Verb
sich die Haare trocknen,Verb
Sie ist eine Nervtante.,Other
der Stab,Noun
die Übertragung,Noun
der Klappstuhl,Noun
verwendbar,Other
die Qual,Noun
der Stoffbär,Noun
der Schrebergarten,Noun
der Superlativ,Noun
der Baustil,Noun
der Wahnsinn,Noun
sich setzen,Verb
sich erinnern,Verb
Lust haben,Verb
hier unten,Other
die Theaterkarte,Noun
im Gegensatz zu,Other
das Können,Noun
Verflixt!,Other
der Blitz,Noun
der Wohnungsbau,Noun
der Hausschuh,Noun
die Rockgruppe,Noun
Sie wird einundzwanzig.,Other
sich langweilen,Verb
die Gießkanne,Noun
fallen lassen,Verb
zusammenstoßen,Verb
der Familienname,Noun
begründet,Other
um ... zu ...,Other
der Wohnraum,Noun
kuscheln,Verb
das Geschwister,Noun
gut aussehend,Other
die Hecke schneiden,Noun
das Öl,Noun
im Voraus,Other
der Klimawandel,Noun
Ich habe Hunger.,Other
Es donnert.,Other
der Mittelklassewagen,Noun
das Unternehmen,Noun
ungern,Other
pleite,Other
bei Nacht,Other
Es macht mir Spaß.,Other
der Schädel,Noun
hoffentlich,Other
in der Praxis,Other
sich interessieren für,Verb
das Parfüm,Noun
ums Leben kommen,Verb
der Toner,Noun
Angst kriegen,Verb
zurückwerfen,Verb
das Rheintal,Noun
das letzte Mal,Noun
Ende Juli,Other
zweieinhalb,Other
sogenannt,Other
sag mal,Other
der Individualist,Noun
be-schleu-ni-gen,Verb
die Härte,Noun
in Pension gehen,Verb
der Dienst,Noun
die Stoppel,Noun
immer noch,Other
deutschsprachig,Other
die Bürohilfe,Noun
gleich um die Ecke,Other
Igitt!,Other
das Beisel,Noun
Jahrelang,Other
spätestens,Other
der Datenschutz,Noun
sich amüsieren,Verb
Vorsicht!,Other
der Unternehmer,Noun
die EDV-Kenntnisse,Noun
Das ist echt toll.,Other
sich etwas vorstellen,Verb
sämtlich,Other
der Südpol,Noun
die Empfehlung,Noun
neuseeländisch,Other
anonym,Other
der Ruf,Noun
der Lieferwagen,Noun
der Kompromiss,Noun
verzweifeln,Verb
den Tisch decken,Verb
die Weißwurst,Noun
die Südseeinsel,Noun
der Faschingsdienstag,Noun
die Tafel,Noun
auf die Toilette gehen,Verb
vergleichbar,Other
Spaß haben,Verb
die freie Marktwirtschaft,Noun
die Zimmerpflanze,Noun
einen Spaziergang machen,Verb
Gesundheit!,Other
Du hast Recht.,Other
im Moment,Other
verbrennen,Verb
erkältet sein,Verb
zum ersten Mal,Other
der Ostermontag,Noun
reagieren,Verb
der Übergang,Noun
gestehen,Verb
der Hai,Noun
betteln,Verb
zum Geburtstag gratulieren,Verb
rezeptpflichtig,Other
der Treffer,Noun
südlich,Other
gewidmet,Other
der Ansatz,Noun
zum einen,Other
der Tipp,Noun
sich duschen,Verb
wurmig,Other
demnach,Other
das Verhalten,Noun
eine Stunde lang,Other
die Gemeinsamkeit,Noun
um die Wette laufen,Verb
die Platzreservierung,Noun
die Hinfahrt,Noun
vorn,Other
die Realschule,Noun
die Beute,Noun
hinunterfallen,Verb
der Henkel,Noun
dabei,Other
die Angelegenheit,Noun
der Bankkaufmann,Noun
die Übernahme,Noun
ein Stück Kuchen,Other
Es kommt darauf an ...,Other
der Eiserne Vorhang,Noun
sich fühlen,Verb
Toll!,Other
der Fahrradverleih,Noun
die UV-Strahlen,Noun
solch ein,Other
die Bedingung,Noun
fragen nach,Verb
verantworten,Verb
das Rätsel,Noun
nützlich,Other
das gekochte Ei,Noun
die Reichweite,Noun
Das stimmt.,Other
die Bermudashorts,Noun
Recht haben,Verb
das Rote Kreuz,Noun
entwickeln,Verb
jemand anders,Other
die Jobliste,Noun
sich von etwas erholen,Verb
fertig lesen,Verb
von unten,Other
außer Betrieb,Other
der Rabatt,Noun
unter vier Augen,Other
die Zusammenfassung,Noun
das Känguru,Noun
fett gedruckt,Other
gnadenlos,Other
die Öffentlichkeit,Noun
im Erdgeschoss,Other
wir kommen zu viert,Other
westlich,Other
der Softdrink,Noun
Das macht nichts!,Other
die Sportreportage,Noun
zehn Uhr,Other
stumpf,Other
die Asche,Noun
Ferien machen,Verb
sich benehmen,Verb
das Weltmeer,Noun
der Klavierlehrer,Noun
ehrgeizig,Other
sich die Haare färben,Verb
Servus!,Other
Liebe Grüße,Other
die E-Mail,Noun
bereits,Other
Wie geht es Ihnen?,Other
Guten Appetit!,Other
sich entspannen,Verb
Das kommt nicht in Frage!,Other
die Geigerin,Noun
entweder ... oder ...,Other
rein,Other
melden,Verb
berühren,Verb
am schwarzen Brett,Other
eine Alleinerziehende Mutter,Other
Ich habe es satt.,Other
anmelden,Verb
um die Ecke,Other
der Fachmann,Noun
vermeintlich,Other
die Spielwaren,Noun
rund um,Other
der Österreicher,Noun
Wann bist du geboren?,Other
eingehen,Verb
woran,Other
der Schauspieler,Noun
daheim,Other
zwar ... aber ...,Other
der Panzer,Noun
beleidigen,Verb
beschimpfen,Verb
sich die Haare föhnen,Verb
schwören,Verb
sich verlaufen,Verb
infolge,Other
bis dahin,Other
zuständig,Other
überhaupt nichts,Other
sich rasieren,Verb
sich hinsetzen,Verb
der Ausschluss,Noun
die Identität,Noun
schimpfen,Verb
Christus,Other
doppeln,Verb
ein bisschen,Other
beträchtlich,Other
der Diener,Noun
der Gouverneur,Noun
bemerkenswert,Other
der Automechaniker,Noun
echt spitze,Other
zahllos,Other
nächstes Jahr,Other
Mitte April,Other
übergeben,Verb
sich verirren,Verb
befreien,Verb
die Teilzeitarbeit,Noun
stöhnen,Verb
auswendig lernen,Verb
bei uns,Other
weitermachen,Verb
der Ehemann,Noun
der Zweitwagen,Noun
die Altersgruppe,Noun
stammen,Verb
die Aufenthaltsdauer,Noun
sprachlich,Other
nicht mal,Other
der Börsenbericht,Noun
gar nicht,Other
Herr Ober!,Other
es gibt,Other
anscheinend,Other
Herzliche Grüße,Other
stark reduziert,Other
Euch ist nicht bewusst ...,Other
unterirdisch,Other
der Umbau,Noun
auf dem Land,Other
sich um etwas kümmern,Verb
wickeln,Verb
unübersetzbar,Other
ins Konzert,Other
in der Mitte,Other
die Ähnlichkeit,Noun
illegal,Other
zu Weihnachten,Other
der Standpunkt,Noun
das Reformhaus,Noun
keinerlei,Other
Verzeihung!,Other
die Weltfirma,Noun
das protokoll,Noun
die Rubrik,Noun
zu Hause sein,Verb
vermissen,Verb
sich lösen von,Verb
der Wert,Noun
Bestand haben,Verb
willkommen,Other
der Fahrkartenschalter,Noun
der betrug,Noun
die Vereinigten Staaten,Noun
Gute Nacht!,Other
das Lehrbuch,Noun
Quatsch!,Other
zum Frühstück,Other
weder ... noch ...,Other
der Bereich,Noun
Auf Wiederhören!,Other
usw.,Other
das kapitel,Noun
bestehen auf,Verb
dreisprachig,Other
der Lastkraftwagen,Noun
die Abwicklung,Noun
Anfang Juli,Other
in der Vergangenheit,Other
der schlag,Noun
erzählen von,Verb
Kann Ich Ihnen Helfen?,Other
das Rotkäppchen,Noun
radikal,Other
leihen,Verb
die Auswanderung,Noun
der Darsteller,Noun
die Scheidung,Noun
der Flugbegleiter,Noun
das Bundesland,Noun
sich befinden,Verb
die Anordnung,Noun
auf einmal,Other
der Fahrradweg,Noun
zuschlagen,Verb
jemanden verklagen,Verb
zum Geburtstag,Other
sich ausziehen,Verb
sitzen bleiben,Verb
das Präteritum,Noun
neblig,Other
ausscheiden,Verb
halb drei,Other
in erster Linie,Other
die Einstufung,Noun
Von wegen!,Other
eine Tasse Kaffee,Other
der Betrüger,Noun
die E-Mail-Adresse,Noun
sich bewerben,Verb
industrialisiert,Other
der Violinist,Noun
die Winterjacke,Noun
Sehr geehrte Frau,Other
ab und zu,Other
die Fachhochschule,Noun
waschbar,Other
die Hausärztin,Noun
bodenlos,Other
verlangen,Verb
Mit freundlichen Grüßen,Other
verfügbar,Other
die Übernachtung,Noun
der Hersteller,Noun
Elektronische Datenverarbeitung,Other
das Erlebnis,Noun
jedes Mal,Other
der Applaus,Noun
die Lebenshaltungskosten,Noun
auslagern,Verb
das T-Shirt,Noun
Unrecht haben,Verb
zur Uni,Verb
noch mal,Other
jemanden abholen,Verb
der Doppelgänger,Noun
so schnell wie möglich,Other
die Vokabel,Noun
der Barcode,Noun
immer mehr,Other
das Fundbüro,Noun
Danke.,Other
markieren,Verb
das Insekt,Noun
mittellang,Other
die Übung,Noun
wie viele,Other
die Angabe,Noun
morgen Nachmittag,Other
Österreich,Other
etwas treiben,Verb
der Schulkamerad,Noun
infizieren,Verb
das Königreich,Noun
drei Euro das Stück,Other
der Fahrgast,Noun
vor allem,Other
abgesehen von,Other
Bis später!,Other
Keine Angst!,Other
handgestrickt,Other
das Relikt,Noun
nähern,Verb
durcheinander,Other
zum Mittagessen,Other
der Fahrradhelm,Noun
eine Glatze bekommen,Verb
um Rat fragen,Verb
das Lexicon,Noun
damalig,Other
stattdessen,Other
zum Abendessen,Other
im Freien,Other
die Fliege,Noun
vor kurzem,Other
unbedingt,Other
manuell,Other
umgeben von,Other
der Übersetzer,Noun
chemiefrei,Other
gängig,Other
auffällig,Other
zu zweit,Other
übergeschnappt,Other
Sport machen,Verb
Neuseeland,Other
Frohe Weihnachten!,Other
ins Bett,Other
eines Tages,Other
wieder verwerten,Verb
der Nachweis,Noun
sonnenbaden,Verb
die Aufregung,Noun
jemanden diskriminieren,Verb
Wie ist das Wetter?,Other
die Gabe,Noun
der Beleg,Noun
Gott sei Dank!,Other
die Katastrophe,Noun
beschleunigen,Verb
rechen,Verb
verfügen über,Verb
sich bemühen,Verb
heute abend,Other
Auf diese Weise,Other
Heute habe ich frei.,Other
im Laufe,Other
glaubhaft,Other
eine Rede halten,Verb
eine Frage stellen,Verb
hinzufügen,Verb
Mist!,Other
das Fußballmatch,Noun
noch einmal,Other
nichts als Ärger,Other
die Anwendung,Noun
beeindruckend,Other
das Gewissen,Noun
in aller Ruhe,Other
während der Pause,Other
die Änderung,Noun
der Vorfall,Noun
die Verfassung,Noun
eindrucksvoll,Other
die Kehle,Noun
unwichtig,Other
Wie viel Uhr ist es?,Other
die Klatschzeitung,Noun
ein paar,Other
zahnmedizinisch,Other
sich gewöhnen an,Verb
altmodisch,Other
die Geschirrspüler,Noun
sich die Hände waschen,Verb
entschlossen,Other
die Trauer,Noun
Sehr geehrter Herr,Other
sich umschauen,Verb
gar nichts,Other
vornehmen,Verb
nördlich,Other
begehen,Verb
der Umstand,Noun
anstellen,Verb
sich umziehen,Other
die Fluggesellschaft,Noun
die Legende,Noun
in Bezug auf,Other
Rast machen,Verb
der Flügel,Noun
klären,Verb
die Akademie,Noun
einwandern,Verb
noch nicht,Other
der Jahrestag,Noun
die verstärkung,Noun
dort unten,Other
sexuell,Other
Die Erwartung,Other
die Buchung,Noun
Bitte schön!,Other
Viel Glück!,Other
schweben,Verb
die Sammlung,Noun
sich verändern,Verb
letzte Nacht,Other
irgendwie,Other
Viertel nach elf,Other
der Ordner,Noun
Zimmer frei,Other
Er ist Arzt von Beruf.,Other
von jetzt an,Other
sich auflösen,Verb
aufhalten,Verb
tatsächlich,Other
heute morgen,Other
Am Wievielten?,Other
Lieblings-,Other
im Durchschnitt,Other
irgendetwas,Other
das Essen,Noun
der flieger,Noun
die Unterlage,Noun
heimlich,Other
kennenlernen,Verb
schattig,Other
am Apparat!,Other
die Rakete,Noun
Herein!,Other
der Großbuchstabe,Noun
Schade!,Other
niemand,Other
dauerhaft,Other
außergewöhnlich,Other
die Vereinigung,Noun
sich lohnen,Verb
herstellen,Verb
die Herausforderung,Noun
klingen,Verb
inhaltlich,Other
tapfer,Other
mutig,Other
beachtlich,Other
verabreden,Verb
verringern,Verb
Auf Wiedersehen.,Other
nach rechts,Verb
auskommen mit,Verb
Entschuldigung!,Other
anfragen,Verb
der Ärger,Noun
sich verstecken,Verb
die leichtigkeit,Noun
sich kämmen,Verb
der heiliger,Noun
komplett,Other
Ich möchte,Other
eingeben,Verb
ermöglichen,Verb
sich aufregen,Verb
Hallo!,Other
sich freuen,Verb
betreffen,Verb
darüber,Other
baumlos,Other
der Bestandteil,Noun
die Besprechung,Noun
die Haftung,Noun
der Missbrauch,Noun
sich über etwas ärgern,Verb
nachkommen,Verb
Er wird Koch.,Other
überhaupt nicht,Other
Wie sagt man das?,Other
bisher,Other
die kenntnis,Noun
tauchen,Verb
der Vermieter,Noun
Guten Morgen!,Other
stehen bleiben,Other
einerseits ... andererseits,Other
räumen,Verb
die Bearbeitung,Noun
die Siedlung,Noun
die Klärung,Noun
einkaufen gehen,Verb
Wie bitte?,Other
die Umwandlung,Noun
das Asyl,Noun
ganz kurz,Other
überholt,Other
anhaltend,Other
der Anbau,Noun
innerhalb,Other
Um wie viel Uhr?,Other
die Droge,Noun
auf etwas basieren,Verb
ignorieren,Verb
übersehen,Verb
eine Reise machen,Verb
systematisch,Other
sich verspäten,Verb
zu Ende sein,Verb
diejenigen,Other
die Schwarzwälder Kirschtorte,Noun
der Anbau,Noun
jeglicher,Other
schaden,Verb
grenzen an,Verb
die Betrachtung,Noun
in der Tat,Other
die herkunft,Noun
an bord,Other
hin und zurück,Other
schweigen,Verb
die Überraschung,Noun
Wie heißen Sie?,Other
der Studiengang,Noun
danklos,Other
die Existenz,Noun
Kein Problem!,Other
der Zauber,Noun
der Deal,Noun
Guten Abend!,Other
das Seil,Noun
einzigartig,Other
Ski laufen,Verb
so genannt,Other
genauso gut,Other
auspfeifen,Verb
maßgeblich,Other
zu Fuß gehen,Verb
aussagen,Verb
sich erkälten,Verb
östlich,Other
die Forderung,Noun
betragen,Verb
die Laufzeit,Noun
bestreuen,Verb
Guten Tag!,Other
meiner Meinung nach,Other
die Maßnahme,Noun
die Entdeckung,Noun
heute Nachmittag,Other
in der Öffentlichkeit,Other
Viertel vor elf,Other
erkunden,Verb
der Faden,Noun
letztes Jahr,Other
zum Nachtisch,Other
die Richtlinie,Noun
die Geduld,Noun
der Gehalt,Noun
sich beeilen,Verb
riechen nach,Verb
morgen früh,Other
schnappen,Verb
Island,Other
das Postfach,Noun
auslegen,Verb
sonstig,Other
die Ordnung,Noun
ordnungsgemäß,Other
streifen,Verb
die Rücksicht,Noun
gehoben,Other
heftig,Other
der Versehen,Noun
nach links,Verb
Prima!,Other
der Einstieg,Noun
die Stabilität,Noun
vorbei sein,Verb
sich ausruhen,Verb
z.B.,Other
die Übersetzung,Noun
die Kanzlerin,Noun
sich anziehen,Verb
dort drüben,Other
mit einem Mal,Other
entfallen,Other
das Großteil,Noun
der Bedarf,Noun
am Ende,Other
die Aktie,Noun
besser als,Other
der Fingerabdruck,Noun
nicht mehr,Other
unterfangen,Verb
verwechseln,Verb
die Zuständigkeit,Noun
das Unterfangen,Noun
ausverkaufen,Verb
die Ausstattung,Noun
der Anspruch,Noun
aufgrund,Other
sowohl ... als auch,Other
bezüglich,Other
die einnahme,Noun
die Hausarbeit,Noun
der Rückzug,Noun
rächen,Verb
mittlerweile,Other
der Zugriff,Noun
der Nachdruck,Noun
der Bürokaufmann,Noun
der Angestellter,Noun
einzeln,Other
das Kunstwerk,Noun
Angst haben,Verb
restlich,Other
bedroht,Other
überlassen,Verb
der Gesetzgeber,Noun
versetzen,Verb
fertig schreiben,Verb
der Moderator,Noun
der Beschluss,Noun
die Todesstrafe,Noun
die Genehmigung,Noun
vorstellbar,Other
schrittweise,Other
die Freiheitsstrafe,Noun
der Stellvertreter,Noun
gleichermaßen,Other
größtenteils,Other
die Schlafmöglichkeit,Noun
die Schrecken,Noun
die Zusammensetzung,Noun
die Aufklärung,Noun
sich wohl fühlen,Verb
von selbst,Other
das heißt,Noun
bisherig,Other
der Berater,Noun
blitzen,Verb
auf jeden Fall,Other
der Ärmel,Noun
sich unterhalten,Verb
die Freigabe,Noun
der Alarm,Noun
ausreichen,Verb
das Sein,Noun
